"","nhood_month_year","avg_rent.mq","month","year","nhood"
"1","1 2011 Financial District/South Beach/SOMA",50.4238428417653,"1","2011","Financial District/South Beach/SOMA"
"2","1 2011 Inner Sunset",25.6932697729253,"1","2011","Inner Sunset"
"3","1 2011 Mission",19.5102260495156,"1","2011","Mission"
"4","1 2011 Pacific Heights",23.64029554557,"1","2011","Pacific Heights"
"5","1 2011 Presidio Heights",27.9870828848224,"1","2011","Presidio Heights"
"6","1 2011 Russian Hill",26.9106566200215,"1","2011","Russian Hill"
"8","1 2012 Bayview Hunters Point",22.4384117070221,"1","2012","Bayview Hunters Point"
"9","1 2012 Bernal Heights",29.783763970983,"1","2012","Bernal Heights"
"10","1 2012 Castro/Upper Market",31.9798945741322,"1","2012","Castro/Upper Market"
"11","1 2012 Excelsior/Outer Mission",22.4909941788082,"1","2012","Excelsior/Outer Mission"
"12","1 2012 Financial District/South Beach/SOMA",42.8532838900335,"1","2012","Financial District/South Beach/SOMA"
"13","1 2012 Glen Park/Noe Valley",31.0011725459639,"1","2012","Glen Park/Noe Valley"
"14","1 2012 Haight Ashbury/Hayes Valley",34.4329931822969,"1","2012","Haight Ashbury/Hayes Valley"
"15","1 2012 Inner Richmond",22.7716027781312,"1","2012","Inner Richmond"
"16","1 2012 Inner Sunset",29.542233103455,"1","2012","Inner Sunset"
"17","1 2012 Lakeshore",24.1744486227802,"1","2012","Lakeshore"
"18","1 2012 Lone Mountain/USF",29.9253531774369,"1","2012","Lone Mountain/USF"
"19","1 2012 Marina",36.4462311043779,"1","2012","Marina"
"20","1 2012 Mission",27.9743650905133,"1","2012","Mission"
"21","1 2012 Nob Hill",41.6128771463032,"1","2012","Nob Hill"
"22","1 2012 North Beach",38.8253474046743,"1","2012","North Beach"
"23","1 2012 Oceanview/Merced/Ingleside",25.688059031115,"1","2012","Oceanview/Merced/Ingleside"
"24","1 2012 Outer Richmond",25.8282502093051,"1","2012","Outer Richmond"
"25","1 2012 Pacific Heights",36.7231485749884,"1","2012","Pacific Heights"
"26","1 2012 Portola",26.2600780935664,"1","2012","Portola"
"27","1 2012 Potrero Hill",31.1621506990986,"1","2012","Potrero Hill"
"28","1 2012 Presidio Heights",37.5462311428578,"1","2012","Presidio Heights"
"29","1 2012 Russian Hill",34.002360444455,"1","2012","Russian Hill"
"31","1 2012 Seacliff",24.5701141038335,"1","2012","Seacliff"
"32","1 2012 Sunset/Parkside",22.6386804659003,"1","2012","Sunset/Parkside"
"33","1 2012 Tenderloin",42.347452262085,"1","2012","Tenderloin"
"34","1 2012 Treasure Island",6.45855758880517,"1","2012","Treasure Island"
"35","1 2012 Visitacion Valley",19.3595632339748,"1","2012","Visitacion Valley"
"36","1 2012 West of Twin Peaks",24.2476822480033,"1","2012","West of Twin Peaks"
"37","1 2012 Western Addition",23.2209579895189,"1","2012","Western Addition"
"38","1 2013 Bayview Hunters Point",23.5179090805346,"1","2013","Bayview Hunters Point"
"39","1 2013 Bernal Heights",36.1371674611718,"1","2013","Bernal Heights"
"40","1 2013 Castro/Upper Market",38.1860443791753,"1","2013","Castro/Upper Market"
"41","1 2013 Financial District/South Beach/SOMA",40.7363484394357,"1","2013","Financial District/South Beach/SOMA"
"42","1 2013 Glen Park/Noe Valley",38.2692098508867,"1","2013","Glen Park/Noe Valley"
"43","1 2013 Haight Ashbury/Hayes Valley",31.9898286171508,"1","2013","Haight Ashbury/Hayes Valley"
"44","1 2013 Inner Richmond",26.5339074273412,"1","2013","Inner Richmond"
"45","1 2013 Inner Sunset",39.4690744498693,"1","2013","Inner Sunset"
"46","1 2013 Lone Mountain/USF",43.3882586735116,"1","2013","Lone Mountain/USF"
"47","1 2013 Marina",45.9855632242133,"1","2013","Marina"
"48","1 2013 Mission",36.5588713788346,"1","2013","Mission"
"49","1 2013 Nob Hill",44.0763936458231,"1","2013","Nob Hill"
"50","1 2013 North Beach",55.6153570147112,"1","2013","North Beach"
"51","1 2013 Pacific Heights",43.2448609805666,"1","2013","Pacific Heights"
"52","1 2013 Portola",22.6922293660722,"1","2013","Portola"
"53","1 2013 Potrero Hill",41.2333026572181,"1","2013","Potrero Hill"
"54","1 2013 Presidio Heights",32.7412988876929,"1","2013","Presidio Heights"
"55","1 2013 Russian Hill",41.1717842525527,"1","2013","Russian Hill"
"57","1 2013 Seacliff",30.5953465264552,"1","2013","Seacliff"
"58","1 2013 Sunset/Parkside",31.4739381689044,"1","2013","Sunset/Parkside"
"59","1 2013 Tenderloin",43.2689632444307,"1","2013","Tenderloin"
"60","1 2013 Visitacion Valley",22.9589115384792,"1","2013","Visitacion Valley"
"61","1 2013 Western Addition",37.5183481749682,"1","2013","Western Addition"
"62","1 2014 Bernal Heights",32.2927879440258,"1","2014","Bernal Heights"
"63","1 2014 Castro/Upper Market",43.9092213850018,"1","2014","Castro/Upper Market"
"64","1 2014 Excelsior/Outer Mission",27.8604445007282,"1","2014","Excelsior/Outer Mission"
"65","1 2014 Financial District/South Beach/SOMA",45.038759432499,"1","2014","Financial District/South Beach/SOMA"
"66","1 2014 Glen Park/Noe Valley",29.791543157623,"1","2014","Glen Park/Noe Valley"
"67","1 2014 Haight Ashbury/Hayes Valley",38.8471637798872,"1","2014","Haight Ashbury/Hayes Valley"
"68","1 2014 Inner Richmond",34.4855081130646,"1","2014","Inner Richmond"
"69","1 2014 Inner Sunset",41.6090009739095,"1","2014","Inner Sunset"
"70","1 2014 Lone Mountain/USF",36.0395793657366,"1","2014","Lone Mountain/USF"
"71","1 2014 Marina",43.0241597894989,"1","2014","Marina"
"72","1 2014 Mission",38.4053513762878,"1","2014","Mission"
"73","1 2014 Nob Hill",41.15362968969,"1","2014","Nob Hill"
"74","1 2014 North Beach",53.8213132400431,"1","2014","North Beach"
"75","1 2014 Oceanview/Merced/Ingleside",25.668626314482,"1","2014","Oceanview/Merced/Ingleside"
"76","1 2014 Pacific Heights",40.4818178056601,"1","2014","Pacific Heights"
"77","1 2014 Potrero Hill",31.0055249441985,"1","2014","Potrero Hill"
"78","1 2014 Russian Hill",50.2398702972797,"1","2014","Russian Hill"
"79","1 2014 Seacliff",25.7357338342585,"1","2014","Seacliff"
"80","1 2014 Sunset/Parkside",27.0003588087549,"1","2014","Sunset/Parkside"
"81","1 2014 Tenderloin",38.4822389666308,"1","2014","Tenderloin"
"82","1 2015 Bayview Hunters Point",34.7768485551047,"1","2015","Bayview Hunters Point"
"83","1 2015 Bernal Heights",28.4731201698288,"1","2015","Bernal Heights"
"84","1 2015 Castro/Upper Market",51.6303939746227,"1","2015","Castro/Upper Market"
"85","1 2015 Excelsior/Outer Mission",38.1717313902459,"1","2015","Excelsior/Outer Mission"
"86","1 2015 Financial District/South Beach/SOMA",54.6278468823157,"1","2015","Financial District/South Beach/SOMA"
"87","1 2015 Glen Park/Noe Valley",38.3216108726494,"1","2015","Glen Park/Noe Valley"
"88","1 2015 Haight Ashbury/Hayes Valley",48.1484975053662,"1","2015","Haight Ashbury/Hayes Valley"
"89","1 2015 Inner Richmond",43.0570505920345,"1","2015","Inner Richmond"
"90","1 2015 Inner Sunset",34.3781547035679,"1","2015","Inner Sunset"
"91","1 2015 Lakeshore",35.8237403413025,"1","2015","Lakeshore"
"92","1 2015 Lone Mountain/USF",43.2970039468963,"1","2015","Lone Mountain/USF"
"93","1 2015 Marina",42.5274353966964,"1","2015","Marina"
"94","1 2015 Mission",42.7840849946607,"1","2015","Mission"
"95","1 2015 Nob Hill",54.4266860110746,"1","2015","Nob Hill"
"96","1 2015 North Beach",45.7481162540366,"1","2015","North Beach"
"97","1 2015 Oceanview/Merced/Ingleside",43.6228332327178,"1","2015","Oceanview/Merced/Ingleside"
"98","1 2015 Pacific Heights",43.8556850582072,"1","2015","Pacific Heights"
"99","1 2015 Portola",29.9433839709227,"1","2015","Portola"
"100","1 2015 Potrero Hill",52.1708452153148,"1","2015","Potrero Hill"
"101","1 2015 Presidio Heights",41.2630068173663,"1","2015","Presidio Heights"
"102","1 2015 Russian Hill",43.8396092213487,"1","2015","Russian Hill"
"104","1 2015 Seacliff",30.6861690918965,"1","2015","Seacliff"
"105","1 2015 Sunset/Parkside",39.3672532057295,"1","2015","Sunset/Parkside"
"106","1 2015 Tenderloin",63.3286773625848,"1","2015","Tenderloin"
"107","1 2015 Twin Peaks",33.3879114392326,"1","2015","Twin Peaks"
"108","1 2015 West of Twin Peaks",20.7453307854648,"1","2015","West of Twin Peaks"
"109","1 2016 Bayview Hunters Point",37.0655162974022,"1","2016","Bayview Hunters Point"
"110","1 2016 Bernal Heights",32.2824057462558,"1","2016","Bernal Heights"
"111","1 2016 Castro/Upper Market",51.7617322594957,"1","2016","Castro/Upper Market"
"112","1 2016 Excelsior/Outer Mission",52.6252840569311,"1","2016","Excelsior/Outer Mission"
"113","1 2016 Financial District/South Beach/SOMA",47.8040394702907,"1","2016","Financial District/South Beach/SOMA"
"114","1 2016 Glen Park/Noe Valley",42.9667478207986,"1","2016","Glen Park/Noe Valley"
"115","1 2016 Haight Ashbury/Hayes Valley",49.5253818818848,"1","2016","Haight Ashbury/Hayes Valley"
"116","1 2016 Inner Richmond",38.0590286402988,"1","2016","Inner Richmond"
"117","1 2016 Inner Sunset",32.3473082353599,"1","2016","Inner Sunset"
"118","1 2016 Lone Mountain/USF",57.3978447777519,"1","2016","Lone Mountain/USF"
"119","1 2016 Marina",49.6697011171779,"1","2016","Marina"
"120","1 2016 Mission",47.995985318136,"1","2016","Mission"
"121","1 2016 Nob Hill",55.2870134012886,"1","2016","Nob Hill"
"122","1 2016 North Beach",36.303424725719,"1","2016","North Beach"
"123","1 2016 Outer Richmond",35.880875493362,"1","2016","Outer Richmond"
"124","1 2016 Pacific Heights",48.3220221027338,"1","2016","Pacific Heights"
"125","1 2016 Portola",34.8383905972711,"1","2016","Portola"
"126","1 2016 Potrero Hill",42.1636402680851,"1","2016","Potrero Hill"
"127","1 2016 Presidio Heights",41.8615964229527,"1","2016","Presidio Heights"
"128","1 2016 Russian Hill",55.9676964828544,"1","2016","Russian Hill"
"130","1 2016 Seacliff",34.2845842711289,"1","2016","Seacliff"
"131","1 2016 Sunset/Parkside",37.2183273899844,"1","2016","Sunset/Parkside"
"132","1 2016 Tenderloin",57.954060399542,"1","2016","Tenderloin"
"133","1 2016 Treasure Island",58.4616585888219,"1","2016","Treasure Island"
"134","1 2016 Twin Peaks",49.0430955417902,"1","2016","Twin Peaks"
"135","1 2016 Visitacion Valley",53.8213132400431,"1","2016","Visitacion Valley"
"136","1 2016 West of Twin Peaks",43.808815374917,"1","2016","West of Twin Peaks"
"137","1 2017 Bayview Hunters Point",29.50506774974,"1","2017","Bayview Hunters Point"
"138","1 2017 Bernal Heights",41.7065526952363,"1","2017","Bernal Heights"
"139","1 2017 Castro/Upper Market",36.3500869421214,"1","2017","Castro/Upper Market"
"140","1 2017 Excelsior/Outer Mission",24.0612929779016,"1","2017","Excelsior/Outer Mission"
"141","1 2017 Financial District/South Beach/SOMA",41.1129877333343,"1","2017","Financial District/South Beach/SOMA"
"142","1 2017 Glen Park/Noe Valley",45.363678302322,"1","2017","Glen Park/Noe Valley"
"143","1 2017 Haight Ashbury/Hayes Valley",50.7749874811231,"1","2017","Haight Ashbury/Hayes Valley"
"144","1 2017 Inner Richmond",28.4936364211992,"1","2017","Inner Richmond"
"145","1 2017 Lone Mountain/USF",45.5646345043546,"1","2017","Lone Mountain/USF"
"146","1 2017 Marina",89.4261819988408,"1","2017","Marina"
"147","1 2017 Mission",46.2717706599057,"1","2017","Mission"
"148","1 2017 Pacific Heights",45.3588652400408,"1","2017","Pacific Heights"
"149","1 2017 Potrero Hill",51.1208661606793,"1","2017","Potrero Hill"
"150","1 2017 Presidio Heights",38.4549383004946,"1","2017","Presidio Heights"
"151","1 2017 Seacliff",32.708320141835,"1","2017","Seacliff"
"152","1 2017 Sunset/Parkside",28.4403361260196,"1","2017","Sunset/Parkside"
"153","1 2018 Excelsior/Outer Mission",32.8593280833947,"1","2018","Excelsior/Outer Mission"
"154","1 2018 Financial District/South Beach/SOMA",60.5776435401346,"1","2018","Financial District/South Beach/SOMA"
"155","1 2018 Glen Park/Noe Valley",19.3669390847538,"1","2018","Glen Park/Noe Valley"
"156","1 2018 Haight Ashbury/Hayes Valley",48.4391819160388,"1","2018","Haight Ashbury/Hayes Valley"
"157","1 2018 Inner Richmond",45.3232111495099,"1","2018","Inner Richmond"
"158","1 2018 Inner Sunset",100.914962325081,"1","2018","Inner Sunset"
"159","1 2018 Lone Mountain/USF",167.44408563569,"1","2018","Lone Mountain/USF"
"160","1 2018 Mission",40.3329240231792,"1","2018","Mission"
"161","1 2018 Nob Hill",51.9780568468462,"1","2018","Nob Hill"
"162","1 2018 North Beach",53.8213132400431,"1","2018","North Beach"
"163","1 2018 Oceanview/Merced/Ingleside",51.2230429456961,"1","2018","Oceanview/Merced/Ingleside"
"164","1 2018 Pacific Heights",52.5877869257848,"1","2018","Pacific Heights"
"165","1 2018 Potrero Hill",57.6944138025863,"1","2018","Potrero Hill"
"166","1 2018 Presidio Heights",54.2280234156605,"1","2018","Presidio Heights"
"167","1 2018 Russian Hill",41.7115177610334,"1","2018","Russian Hill"
"169","1 2018 Sunset/Parkside",42.8696625486918,"1","2018","Sunset/Parkside"
"171","10 2013 Bayview Hunters Point",21.8785826179037,"10","2013","Bayview Hunters Point"
"172","10 2013 Excelsior/Outer Mission",32.2429533947295,"10","2013","Excelsior/Outer Mission"
"173","10 2013 Financial District/South Beach/SOMA",46.2916057397698,"10","2013","Financial District/South Beach/SOMA"
"174","10 2013 Glen Park/Noe Valley",37.0452118347395,"10","2013","Glen Park/Noe Valley"
"175","10 2013 Haight Ashbury/Hayes Valley",50.3335505070534,"10","2013","Haight Ashbury/Hayes Valley"
"176","10 2013 Inner Richmond",34.7147470398277,"10","2013","Inner Richmond"
"177","10 2013 Inner Sunset",30.7108064865354,"10","2013","Inner Sunset"
"178","10 2013 Lone Mountain/USF",48.7224519857231,"10","2013","Lone Mountain/USF"
"179","10 2013 Marina",41.018545701,"10","2013","Marina"
"180","10 2013 Mission",28.9807071292539,"10","2013","Mission"
"181","10 2013 Nob Hill",47.1799370823704,"10","2013","Nob Hill"
"182","10 2013 North Beach",55.9392168649435,"10","2013","North Beach"
"183","10 2013 Pacific Heights",40.3589428691928,"10","2013","Pacific Heights"
"184","10 2013 Potrero Hill",37.6340811324155,"10","2013","Potrero Hill"
"185","10 2013 Presidio Heights",34.1923637054391,"10","2013","Presidio Heights"
"186","10 2013 Russian Hill",47.7402038220122,"10","2013","Russian Hill"
"188","10 2013 Seacliff",26.8177857243513,"10","2013","Seacliff"
"189","10 2013 Sunset/Parkside",25.3246028902348,"10","2013","Sunset/Parkside"
"190","10 2013 Tenderloin",44.4025834230355,"10","2013","Tenderloin"
"191","10 2013 Twin Peaks",46.9516581832737,"10","2013","Twin Peaks"
"192","10 2014 Castro/Upper Market",44.8510943667026,"10","2014","Castro/Upper Market"
"193","10 2014 Excelsior/Outer Mission",10.7642626480086,"10","2014","Excelsior/Outer Mission"
"194","10 2014 Financial District/South Beach/SOMA",54.9725275676148,"10","2014","Financial District/South Beach/SOMA"
"195","10 2014 Glen Park/Noe Valley",25.0078829196159,"10","2014","Glen Park/Noe Valley"
"196","10 2014 Haight Ashbury/Hayes Valley",36.696349936393,"10","2014","Haight Ashbury/Hayes Valley"
"197","10 2014 Inner Richmond",36.906043364601,"10","2014","Inner Richmond"
"198","10 2014 Lone Mountain/USF",43.9930734309917,"10","2014","Lone Mountain/USF"
"199","10 2014 Mission",56.305373851122,"10","2014","Mission"
"200","10 2014 Oceanview/Merced/Ingleside",31.594222226456,"10","2014","Oceanview/Merced/Ingleside"
"201","10 2014 Pacific Heights",54.3514004841506,"10","2014","Pacific Heights"
"202","10 2014 Russian Hill",44.3431197247967,"10","2014","Russian Hill"
"204","10 2014 Seacliff",34.1255471142166,"10","2014","Seacliff"
"205","10 2014 Visitacion Valley",27.013762584083,"10","2014","Visitacion Valley"
"206","10 2014 West of Twin Peaks",23.8258486774404,"10","2014","West of Twin Peaks"
"207","10 2015 Bayview Hunters Point",38.7043947228312,"10","2015","Bayview Hunters Point"
"208","10 2015 Bernal Heights",45.2785746536809,"10","2015","Bernal Heights"
"209","10 2015 Castro/Upper Market",56.6020267587442,"10","2015","Castro/Upper Market"
"210","10 2015 Financial District/South Beach/SOMA",52.3728658540346,"10","2015","Financial District/South Beach/SOMA"
"211","10 2015 Glen Park/Noe Valley",40.6218881166438,"10","2015","Glen Park/Noe Valley"
"212","10 2015 Haight Ashbury/Hayes Valley",58.0346446518869,"10","2015","Haight Ashbury/Hayes Valley"
"213","10 2015 Inner Sunset",38.7592121839391,"10","2015","Inner Sunset"
"214","10 2015 Lone Mountain/USF",41.9506442853758,"10","2015","Lone Mountain/USF"
"215","10 2015 Marina",59.1656924992556,"10","2015","Marina"
"216","10 2015 Mission",43.9701407643877,"10","2015","Mission"
"217","10 2015 Nob Hill",62.1941090170986,"10","2015","Nob Hill"
"218","10 2015 North Beach",72.1205597416577,"10","2015","North Beach"
"219","10 2015 Oceanview/Merced/Ingleside",43.4088238811851,"10","2015","Oceanview/Merced/Ingleside"
"220","10 2015 Pacific Heights",46.1789698660646,"10","2015","Pacific Heights"
"221","10 2015 Portola",34.5008418205405,"10","2015","Portola"
"222","10 2015 Potrero Hill",51.761892090772,"10","2015","Potrero Hill"
"223","10 2015 Russian Hill",54.139688281085,"10","2015","Russian Hill"
"225","10 2015 Seacliff",29.0449492704739,"10","2015","Seacliff"
"226","10 2015 Sunset/Parkside",23.1864671442206,"10","2015","Sunset/Parkside"
"227","10 2015 Tenderloin",53.0975708726316,"10","2015","Tenderloin"
"228","10 2015 West of Twin Peaks",45.0486762802123,"10","2015","West of Twin Peaks"
"229","10 2015 Western Addition",44.4459877079066,"10","2015","Western Addition"
"230","10 2016 Bayview Hunters Point",40.8905695438437,"10","2016","Bayview Hunters Point"
"231","10 2016 Bernal Heights",39.7211848553453,"10","2016","Bernal Heights"
"232","10 2016 Castro/Upper Market",43.8910900183395,"10","2016","Castro/Upper Market"
"233","10 2016 Excelsior/Outer Mission",61.2089740184464,"10","2016","Excelsior/Outer Mission"
"234","10 2016 Financial District/South Beach/SOMA",51.7694365381209,"10","2016","Financial District/South Beach/SOMA"
"235","10 2016 Glen Park/Noe Valley",42.388848080782,"10","2016","Glen Park/Noe Valley"
"236","10 2016 Haight Ashbury/Hayes Valley",49.1478742453951,"10","2016","Haight Ashbury/Hayes Valley"
"237","10 2016 Inner Richmond",40.7504228817469,"10","2016","Inner Richmond"
"238","10 2016 Inner Sunset",31.5553928611982,"10","2016","Inner Sunset"
"239","10 2016 Lone Mountain/USF",39.7075470493619,"10","2016","Lone Mountain/USF"
"240","10 2016 Marina",39.5676620794534,"10","2016","Marina"
"241","10 2016 Mission",42.8602413084976,"10","2016","Mission"
"242","10 2016 Nob Hill",48.4391460380625,"10","2016","Nob Hill"
"243","10 2016 North Beach",58.7661591944458,"10","2016","North Beach"
"244","10 2016 Oceanview/Merced/Ingleside",40.029601722282,"10","2016","Oceanview/Merced/Ingleside"
"245","10 2016 Pacific Heights",49.4446998980992,"10","2016","Pacific Heights"
"246","10 2016 Potrero Hill",49.5332836473838,"10","2016","Potrero Hill"
"247","10 2016 Presidio Heights",35.9649225441101,"10","2016","Presidio Heights"
"248","10 2016 Russian Hill",56.2637004014172,"10","2016","Russian Hill"
"250","10 2016 Seacliff",34.3175286281385,"10","2016","Seacliff"
"251","10 2016 Sunset/Parkside",35.6580996421926,"10","2016","Sunset/Parkside"
"252","10 2016 Tenderloin",46.8771397964044,"10","2016","Tenderloin"
"253","10 2016 Twin Peaks",46.4235209692058,"10","2016","Twin Peaks"
"254","10 2016 Visitacion Valley",28.5623159681286,"10","2016","Visitacion Valley"
"255","10 2016 West of Twin Peaks",34.8792587759219,"10","2016","West of Twin Peaks"
"256","10 2017 Bayview Hunters Point",38.6109421069874,"10","2017","Bayview Hunters Point"
"257","10 2017 Castro/Upper Market",47.2116782807395,"10","2017","Castro/Upper Market"
"258","10 2017 Excelsior/Outer Mission",33.4664043145072,"10","2017","Excelsior/Outer Mission"
"259","10 2017 Financial District/South Beach/SOMA",54.3635567373241,"10","2017","Financial District/South Beach/SOMA"
"260","10 2017 Glen Park/Noe Valley",35.5557050592034,"10","2017","Glen Park/Noe Valley"
"261","10 2017 Haight Ashbury/Hayes Valley",81.2737951611389,"10","2017","Haight Ashbury/Hayes Valley"
"262","10 2017 Lakeshore",26.2086394908036,"10","2017","Lakeshore"
"263","10 2017 Lone Mountain/USF",38.4019791135536,"10","2017","Lone Mountain/USF"
"264","10 2017 Marina",54.3246113062671,"10","2017","Marina"
"265","10 2017 Mission",64.3150640541837,"10","2017","Mission"
"266","10 2017 Nob Hill",54.3995124296423,"10","2017","Nob Hill"
"267","10 2017 North Beach",53.1485468245425,"10","2017","North Beach"
"268","10 2017 Oceanview/Merced/Ingleside",39.7543790977591,"10","2017","Oceanview/Merced/Ingleside"
"269","10 2017 Pacific Heights",59.010820916662,"10","2017","Pacific Heights"
"270","10 2017 Portola",37.5693872812849,"10","2017","Portola"
"271","10 2017 Potrero Hill",57.784202755183,"10","2017","Potrero Hill"
"272","10 2017 Russian Hill",56.918647954795,"10","2017","Russian Hill"
"274","10 2017 Seacliff",31.9504615700609,"10","2017","Seacliff"
"275","10 2017 Sunset/Parkside",57.5020900445501,"10","2017","Sunset/Parkside"
"276","10 2017 Tenderloin",50.3176838695144,"10","2017","Tenderloin"
"277","11 2011 Bayview Hunters Point",23.9743815299383,"11","2011","Bayview Hunters Point"
"278","11 2011 Bernal Heights",27.6518398341424,"11","2011","Bernal Heights"
"279","11 2011 Castro/Upper Market",36.5929282221364,"11","2011","Castro/Upper Market"
"280","11 2011 Excelsior/Outer Mission",19.9536378444797,"11","2011","Excelsior/Outer Mission"
"281","11 2011 Financial District/South Beach/SOMA",43.8780868933157,"11","2011","Financial District/South Beach/SOMA"
"282","11 2011 Glen Park/Noe Valley",29.3814567824064,"11","2011","Glen Park/Noe Valley"
"283","11 2011 Haight Ashbury/Hayes Valley",33.0077262468284,"11","2011","Haight Ashbury/Hayes Valley"
"284","11 2011 Inner Richmond",23.1655936967074,"11","2011","Inner Richmond"
"285","11 2011 Inner Sunset",31.4238555429099,"11","2011","Inner Sunset"
"286","11 2011 Lakeshore",28.8328463785945,"11","2011","Lakeshore"
"287","11 2011 Lone Mountain/USF",29.4088332940198,"11","2011","Lone Mountain/USF"
"288","11 2011 Marina",35.4568597014385,"11","2011","Marina"
"289","11 2011 Mission",28.2081372247005,"11","2011","Mission"
"290","11 2011 Nob Hill",37.7503370521289,"11","2011","Nob Hill"
"291","11 2011 North Beach",35.3849513412296,"11","2011","North Beach"
"292","11 2011 Oceanview/Merced/Ingleside",23.74728743139,"11","2011","Oceanview/Merced/Ingleside"
"293","11 2011 Outer Richmond",27.714481428152,"11","2011","Outer Richmond"
"294","11 2011 Pacific Heights",32.9280344158102,"11","2011","Pacific Heights"
"295","11 2011 Portola",23.0907125971628,"11","2011","Portola"
"296","11 2011 Potrero Hill",32.1592060538856,"11","2011","Potrero Hill"
"297","11 2011 Presidio Heights",30.6339919425271,"11","2011","Presidio Heights"
"298","11 2011 Russian Hill",34.1608807476869,"11","2011","Russian Hill"
"300","11 2011 Seacliff",24.6676342326696,"11","2011","Seacliff"
"301","11 2011 Sunset/Parkside",23.2961730090453,"11","2011","Sunset/Parkside"
"302","11 2011 Tenderloin",36.3801691998253,"11","2011","Tenderloin"
"303","11 2011 Twin Peaks",23.6813778256189,"11","2011","Twin Peaks"
"304","11 2011 Visitacion Valley",18.6425893619391,"11","2011","Visitacion Valley"
"305","11 2011 West of Twin Peaks",22.4550957311441,"11","2011","West of Twin Peaks"
"306","11 2013 Financial District/South Beach/SOMA",36.2228978737959,"11","2013","Financial District/South Beach/SOMA"
"307","11 2013 Haight Ashbury/Hayes Valley",26.990447657832,"11","2013","Haight Ashbury/Hayes Valley"
"308","11 2013 Mission",21.1656849820394,"11","2013","Mission"
"309","11 2013 Nob Hill",46.8245425188375,"11","2013","Nob Hill"
"310","11 2013 North Beach",36.5361307763013,"11","2013","North Beach"
"311","11 2013 Seacliff",20.7289175502941,"11","2013","Seacliff"
"312","11 2013 Sunset/Parkside",22.849842261578,"11","2013","Sunset/Parkside"
"313","11 2013 Tenderloin",42.9374476737232,"11","2013","Tenderloin"
"314","11 2013 Twin Peaks",34.5113764287299,"11","2013","Twin Peaks"
"316","11 2015 Bayview Hunters Point",41.1797568981851,"11","2015","Bayview Hunters Point"
"317","11 2015 Bernal Heights",29.6615237411793,"11","2015","Bernal Heights"
"318","11 2015 Castro/Upper Market",50.6746532262014,"11","2015","Castro/Upper Market"
"319","11 2015 Excelsior/Outer Mission",27.3822866844961,"11","2015","Excelsior/Outer Mission"
"320","11 2015 Financial District/South Beach/SOMA",52.7554040402478,"11","2015","Financial District/South Beach/SOMA"
"321","11 2015 Glen Park/Noe Valley",44.9750195883466,"11","2015","Glen Park/Noe Valley"
"322","11 2015 Haight Ashbury/Hayes Valley",39.3134405654973,"11","2015","Haight Ashbury/Hayes Valley"
"323","11 2015 Inner Richmond",41.5192987851761,"11","2015","Inner Richmond"
"324","11 2015 Inner Sunset",43.5933735347944,"11","2015","Inner Sunset"
"325","11 2015 Lone Mountain/USF",60.7411963709057,"11","2015","Lone Mountain/USF"
"326","11 2015 Marina",54.0039212671075,"11","2015","Marina"
"327","11 2015 Mission",48.3388119255642,"11","2015","Mission"
"328","11 2015 Nob Hill",56.7616954005962,"11","2015","Nob Hill"
"329","11 2015 North Beach",50.7089035829617,"11","2015","North Beach"
"330","11 2015 Oceanview/Merced/Ingleside",40.7719792236001,"11","2015","Oceanview/Merced/Ingleside"
"331","11 2015 Pacific Heights",50.6914843815078,"11","2015","Pacific Heights"
"332","11 2015 Portola",32.9943677898468,"11","2015","Portola"
"333","11 2015 Potrero Hill",42.0107891863147,"11","2015","Potrero Hill"
"334","11 2015 Presidio Heights",39.3568353067815,"11","2015","Presidio Heights"
"335","11 2015 Russian Hill",45.7217906116909,"11","2015","Russian Hill"
"337","11 2015 Seacliff",34.8564356026499,"11","2015","Seacliff"
"338","11 2015 Sunset/Parkside",58.3567743769929,"11","2015","Sunset/Parkside"
"339","11 2015 Tenderloin",52.7641387129326,"11","2015","Tenderloin"
"340","11 2015 West of Twin Peaks",29.0635091496233,"11","2015","West of Twin Peaks"
"341","11 2015 Western Addition",51.8849982413604,"11","2015","Western Addition"
"342","11 2016 Bernal Heights",59.8014591556034,"11","2016","Bernal Heights"
"343","11 2016 Castro/Upper Market",49.9769337228971,"11","2016","Castro/Upper Market"
"344","11 2016 Financial District/South Beach/SOMA",59.5031749729953,"11","2016","Financial District/South Beach/SOMA"
"345","11 2016 Haight Ashbury/Hayes Valley",54.8363944133774,"11","2016","Haight Ashbury/Hayes Valley"
"346","11 2016 Inner Richmond",29.8087273329469,"11","2016","Inner Richmond"
"347","11 2016 Mission",29.8409281186461,"11","2016","Mission"
"348","11 2016 Pacific Heights",50.8316662672067,"11","2016","Pacific Heights"
"349","11 2016 Potrero Hill",35.880875493362,"11","2016","Potrero Hill"
"350","11 2017 Bernal Heights",58.9881593110872,"11","2017","Bernal Heights"
"351","11 2017 Castro/Upper Market",53.6702981472884,"11","2017","Castro/Upper Market"
"352","11 2017 Excelsior/Outer Mission",32.8908025355819,"11","2017","Excelsior/Outer Mission"
"353","11 2017 Financial District/South Beach/SOMA",53.1382603494356,"11","2017","Financial District/South Beach/SOMA"
"354","11 2017 Glen Park/Noe Valley",87.908144958737,"11","2017","Glen Park/Noe Valley"
"355","11 2017 Haight Ashbury/Hayes Valley",52.5165541311936,"11","2017","Haight Ashbury/Hayes Valley"
"356","11 2017 Inner Richmond",45.7481162540366,"11","2017","Inner Richmond"
"357","11 2017 Marina",33.3692142088267,"11","2017","Marina"
"358","11 2017 Mission",19.4163998490256,"11","2017","Mission"
"359","11 2017 Nob Hill",52.2444153169275,"11","2017","Nob Hill"
"360","11 2017 North Beach",60.9974883387155,"11","2017","North Beach"
"361","11 2017 Oceanview/Merced/Ingleside",31.6947733524698,"11","2017","Oceanview/Merced/Ingleside"
"362","11 2017 Pacific Heights",57.6391658182437,"11","2017","Pacific Heights"
"364","11 2017 Seacliff",32.9655543595264,"11","2017","Seacliff"
"365","11 2017 Sunset/Parkside",36.5785591835107,"11","2017","Sunset/Parkside"
"366","11 2017 Tenderloin",35.0488354347457,"11","2017","Tenderloin"
"367","11 2017 Visitacion Valley",34.0388957071261,"11","2017","Visitacion Valley"
"368","12 2011 Bayview Hunters Point",22.3733212520743,"12","2011","Bayview Hunters Point"
"369","12 2011 Bernal Heights",29.6119645742057,"12","2011","Bernal Heights"
"370","12 2011 Castro/Upper Market",35.0401581068597,"12","2011","Castro/Upper Market"
"371","12 2011 Excelsior/Outer Mission",20.5890553711524,"12","2011","Excelsior/Outer Mission"
"372","12 2011 Financial District/South Beach/SOMA",44.971580815632,"12","2011","Financial District/South Beach/SOMA"
"373","12 2011 Glen Park/Noe Valley",29.1252482441438,"12","2011","Glen Park/Noe Valley"
"374","12 2011 Haight Ashbury/Hayes Valley",37.9935722426322,"12","2011","Haight Ashbury/Hayes Valley"
"375","12 2011 Inner Richmond",22.5006734149276,"12","2011","Inner Richmond"
"376","12 2011 Inner Sunset",28.5323949728262,"12","2011","Inner Sunset"
"377","12 2011 Lakeshore",24.708875623838,"12","2011","Lakeshore"
"378","12 2011 Lone Mountain/USF",36.9753773779362,"12","2011","Lone Mountain/USF"
"379","12 2011 Marina",35.5593242638952,"12","2011","Marina"
"380","12 2011 Mission",28.7690992877946,"12","2011","Mission"
"381","12 2011 Nob Hill",38.3922321397941,"12","2011","Nob Hill"
"382","12 2011 North Beach",46.1206142587277,"12","2011","North Beach"
"383","12 2011 Oceanview/Merced/Ingleside",26.1968991341645,"12","2011","Oceanview/Merced/Ingleside"
"384","12 2011 Outer Richmond",28.7047003946896,"12","2011","Outer Richmond"
"385","12 2011 Pacific Heights",39.5716785752931,"12","2011","Pacific Heights"
"386","12 2011 Portola",29.2276463739837,"12","2011","Portola"
"387","12 2011 Potrero Hill",32.7312455485928,"12","2011","Potrero Hill"
"388","12 2011 Presidio Heights",30.1662984415009,"12","2011","Presidio Heights"
"389","12 2011 Russian Hill",36.6467419077753,"12","2011","Russian Hill"
"391","12 2011 Seacliff",24.9189889499209,"12","2011","Seacliff"
"392","12 2011 Sunset/Parkside",21.4680929153359,"12","2011","Sunset/Parkside"
"393","12 2011 Tenderloin",42.25168426919,"12","2011","Tenderloin"
"394","12 2011 Treasure Island",7.17617509867241,"12","2011","Treasure Island"
"395","12 2011 Twin Peaks",36.2157505986972,"12","2011","Twin Peaks"
"396","12 2011 Visitacion Valley",20.4149808841543,"12","2011","Visitacion Valley"
"397","12 2011 West of Twin Peaks",15.5417894170302,"12","2011","West of Twin Peaks"
"398","12 2013 Bayview Hunters Point",23.3984550698346,"12","2013","Bayview Hunters Point"
"399","12 2013 Bernal Heights",31.1113498733313,"12","2013","Bernal Heights"
"400","12 2013 Castro/Upper Market",48.4608511376986,"12","2013","Castro/Upper Market"
"401","12 2013 Excelsior/Outer Mission",26.0172005429637,"12","2013","Excelsior/Outer Mission"
"402","12 2013 Financial District/South Beach/SOMA",47.2952646178988,"12","2013","Financial District/South Beach/SOMA"
"403","12 2013 Glen Park/Noe Valley",33.5862142759228,"12","2013","Glen Park/Noe Valley"
"404","12 2013 Haight Ashbury/Hayes Valley",46.4604755903207,"12","2013","Haight Ashbury/Hayes Valley"
"405","12 2013 Inner Richmond",33.7325845241396,"12","2013","Inner Richmond"
"406","12 2013 Inner Sunset",37.6336762286753,"12","2013","Inner Sunset"
"407","12 2013 Lone Mountain/USF",32.3108954830766,"12","2013","Lone Mountain/USF"
"408","12 2013 Marina",40.6213216886095,"12","2013","Marina"
"409","12 2013 Mission",40.5393861931469,"12","2013","Mission"
"410","12 2013 Nob Hill",47.9843698266532,"12","2013","Nob Hill"
"411","12 2013 North Beach",35.8115388488925,"12","2013","North Beach"
"412","12 2013 Outer Richmond",26.5742734122713,"12","2013","Outer Richmond"
"413","12 2013 Pacific Heights",44.613560882751,"12","2013","Pacific Heights"
"414","12 2013 Portola",26.443152131151,"12","2013","Portola"
"415","12 2013 Potrero Hill",36.666012534423,"12","2013","Potrero Hill"
"416","12 2013 Presidio Heights",38.8866399439215,"12","2013","Presidio Heights"
"417","12 2013 Russian Hill",44.5423790418408,"12","2013","Russian Hill"
"419","12 2013 Seacliff",24.1949813047579,"12","2013","Seacliff"
"420","12 2013 Sunset/Parkside",28.9240491417005,"12","2013","Sunset/Parkside"
"421","12 2013 Tenderloin",46.4162918137262,"12","2013","Tenderloin"
"422","12 2013 Twin Peaks",36.5377477620784,"12","2013","Twin Peaks"
"423","12 2013 Visitacion Valley",24.7828372593686,"12","2013","Visitacion Valley"
"424","12 2013 West of Twin Peaks",28.1659465331346,"12","2013","West of Twin Peaks"
"425","12 2013 Western Addition",47.970447681434,"12","2013","Western Addition"
"426","12 2014 Bayview Hunters Point",29.6529806755856,"12","2014","Bayview Hunters Point"
"427","12 2014 Bernal Heights",39.0204520990312,"12","2014","Bernal Heights"
"428","12 2014 Castro/Upper Market",51.9943406877059,"12","2014","Castro/Upper Market"
"429","12 2014 Financial District/South Beach/SOMA",45.1067286603038,"12","2014","Financial District/South Beach/SOMA"
"430","12 2014 Glen Park/Noe Valley",32.7094310048533,"12","2014","Glen Park/Noe Valley"
"431","12 2014 Haight Ashbury/Hayes Valley",38.0957853918231,"12","2014","Haight Ashbury/Hayes Valley"
"432","12 2014 Inner Richmond",39.0449163323222,"12","2014","Inner Richmond"
"433","12 2014 Lone Mountain/USF",44.8510943667026,"12","2014","Lone Mountain/USF"
"434","12 2014 Marina",55.1027730790917,"12","2014","Marina"
"435","12 2014 Mission",39.4956486400634,"12","2014","Mission"
"436","12 2014 Nob Hill",48.6970903958283,"12","2014","Nob Hill"
"437","12 2014 North Beach",55.6760379070897,"12","2014","North Beach"
"438","12 2014 Oceanview/Merced/Ingleside",34.5054419327831,"12","2014","Oceanview/Merced/Ingleside"
"439","12 2014 Pacific Heights",44.971675578229,"12","2014","Pacific Heights"
"440","12 2014 Presidio Heights",60.9974883387155,"12","2014","Presidio Heights"
"441","12 2014 Russian Hill",47.8411673244827,"12","2014","Russian Hill"
"443","12 2014 Sunset/Parkside",31.3152290250278,"12","2014","Sunset/Parkside"
"444","12 2015 Bayview Hunters Point",33.9429864313599,"12","2015","Bayview Hunters Point"
"445","12 2015 Bernal Heights",55.3272227115069,"12","2015","Bernal Heights"
"446","12 2015 Castro/Upper Market",40.6513405677132,"12","2015","Castro/Upper Market"
"447","12 2015 Excelsior/Outer Mission",46.3461308455926,"12","2015","Excelsior/Outer Mission"
"448","12 2015 Financial District/South Beach/SOMA",54.1307421347652,"12","2015","Financial District/South Beach/SOMA"
"449","12 2015 Glen Park/Noe Valley",41.2592573613441,"12","2015","Glen Park/Noe Valley"
"450","12 2015 Haight Ashbury/Hayes Valley",50.2291721142769,"12","2015","Haight Ashbury/Hayes Valley"
"451","12 2015 Inner Richmond",32.0252832026245,"12","2015","Inner Richmond"
"452","12 2015 Inner Sunset",42.3924619829878,"12","2015","Inner Sunset"
"453","12 2015 Lone Mountain/USF",48.3230838451506,"12","2015","Lone Mountain/USF"
"454","12 2015 Marina",45.0683039667611,"12","2015","Marina"
"455","12 2015 Mission",54.7402567755797,"12","2015","Mission"
"456","12 2015 Nob Hill",69.108495785254,"12","2015","Nob Hill"
"457","12 2015 North Beach",53.0809142219261,"12","2015","North Beach"
"458","12 2015 Oceanview/Merced/Ingleside",38.4611139529702,"12","2015","Oceanview/Merced/Ingleside"
"459","12 2015 Pacific Heights",49.2070649955155,"12","2015","Pacific Heights"
"460","12 2015 Portola",38.9633788419335,"12","2015","Portola"
"461","12 2015 Potrero Hill",48.9241299155778,"12","2015","Potrero Hill"
"462","12 2015 Presidio Heights",40.7071400074629,"12","2015","Presidio Heights"
"463","12 2015 Russian Hill",56.6421724167377,"12","2015","Russian Hill"
"465","12 2015 Seacliff",53.9147530199737,"12","2015","Seacliff"
"466","12 2015 Sunset/Parkside",36.6863049938079,"12","2015","Sunset/Parkside"
"467","12 2015 Tenderloin",52.7942727245342,"12","2015","Tenderloin"
"468","12 2015 Visitacion Valley",27.0548208519144,"12","2015","Visitacion Valley"
"469","12 2017 Bayview Hunters Point",41.3249549346964,"12","2017","Bayview Hunters Point"
"470","12 2017 Financial District/South Beach/SOMA",56.8138491440625,"12","2017","Financial District/South Beach/SOMA"
"471","12 2017 Haight Ashbury/Hayes Valley",73.0960710441335,"12","2017","Haight Ashbury/Hayes Valley"
"472","12 2017 Inner Sunset",46.6451381413706,"12","2017","Inner Sunset"
"473","12 2017 Mission",42.8228682892642,"12","2017","Mission"
"474","12 2017 Nob Hill",56.9803903215239,"12","2017","Nob Hill"
"475","12 2017 North Beach",58.8446358091138,"12","2017","North Beach"
"476","12 2017 Pacific Heights",52.5491731089148,"12","2017","Pacific Heights"
"477","12 2017 Potrero Hill",75.965031163322,"12","2017","Potrero Hill"
"478","12 2017 Russian Hill",26.8722128248501,"12","2017","Russian Hill"
"479","2 2012 Bayview Hunters Point",25.3896373208037,"2","2012","Bayview Hunters Point"
"480","2 2012 Bernal Heights",29.9447627544783,"2","2012","Bernal Heights"
"481","2 2012 Castro/Upper Market",27.9946839893316,"2","2012","Castro/Upper Market"
"482","2 2012 Excelsior/Outer Mission",25.9642985288841,"2","2012","Excelsior/Outer Mission"
"483","2 2012 Financial District/South Beach/SOMA",43.4579196102768,"2","2012","Financial District/South Beach/SOMA"
"484","2 2012 Glen Park/Noe Valley",29.4256470547913,"2","2012","Glen Park/Noe Valley"
"485","2 2012 Haight Ashbury/Hayes Valley",33.9873369112174,"2","2012","Haight Ashbury/Hayes Valley"
"486","2 2012 Inner Richmond",24.2135888042065,"2","2012","Inner Richmond"
"487","2 2012 Inner Sunset",30.7803775939087,"2","2012","Inner Sunset"
"488","2 2012 Lakeshore",23.5555080011485,"2","2012","Lakeshore"
"489","2 2012 Lone Mountain/USF",31.2973951690472,"2","2012","Lone Mountain/USF"
"490","2 2012 Marina",34.0152405741713,"2","2012","Marina"
"491","2 2012 Mission",26.5300143560004,"2","2012","Mission"
"492","2 2012 Nob Hill",36.9470750255722,"2","2012","Nob Hill"
"493","2 2012 North Beach",38.4340083458171,"2","2012","North Beach"
"494","2 2012 Oceanview/Merced/Ingleside",24.937231878232,"2","2012","Oceanview/Merced/Ingleside"
"495","2 2012 Outer Richmond",19.8758304248078,"2","2012","Outer Richmond"
"496","2 2012 Pacific Heights",39.5875734633682,"2","2012","Pacific Heights"
"497","2 2012 Portola",28.450295517083,"2","2012","Portola"
"498","2 2012 Potrero Hill",32.9061025096202,"2","2012","Potrero Hill"
"499","2 2012 Presidio Heights",38.0916064190748,"2","2012","Presidio Heights"
"500","2 2012 Russian Hill",36.1573436676581,"2","2012","Russian Hill"
"502","2 2012 Seacliff",25.6002095578041,"2","2012","Seacliff"
"503","2 2012 Sunset/Parkside",20.6659766331751,"2","2012","Sunset/Parkside"
"504","2 2012 Tenderloin",35.8951008417346,"2","2012","Tenderloin"
"505","2 2012 Twin Peaks",28.9807071292539,"2","2012","Twin Peaks"
"506","2 2012 Visitacion Valley",17.2865761280783,"2","2012","Visitacion Valley"
"507","2 2012 West of Twin Peaks",27.7570569766648,"2","2012","West of Twin Peaks"
"508","2 2012 Western Addition",25.4848345356044,"2","2012","Western Addition"
"510","2 2013 Sunset/Parkside",39.8053462504486,"2","2013","Sunset/Parkside"
"511","2 2014 Bayview Hunters Point",21.5285252960172,"2","2014","Bayview Hunters Point"
"512","2 2014 Castro/Upper Market",30.1399354144241,"2","2014","Castro/Upper Market"
"513","2 2014 Excelsior/Outer Mission",58.4695175653195,"2","2014","Excelsior/Outer Mission"
"514","2 2014 Financial District/South Beach/SOMA",46.7328359846604,"2","2014","Financial District/South Beach/SOMA"
"515","2 2014 Glen Park/Noe Valley",59.5894154699396,"2","2014","Glen Park/Noe Valley"
"516","2 2014 Haight Ashbury/Hayes Valley",31.9665981668135,"2","2014","Haight Ashbury/Hayes Valley"
"517","2 2014 Inner Richmond",35.6048687587977,"2","2014","Inner Richmond"
"518","2 2014 Inner Sunset",25.668626314482,"2","2014","Inner Sunset"
"519","2 2014 Lakeshore",26.1833415762371,"2","2014","Lakeshore"
"520","2 2014 Marina",38.3874678738861,"2","2014","Marina"
"521","2 2014 Mission",47.1072403257549,"2","2014","Mission"
"522","2 2014 Nob Hill",52.7071148860964,"2","2014","Nob Hill"
"523","2 2014 Oceanview/Merced/Ingleside",29.0970355397983,"2","2014","Oceanview/Merced/Ingleside"
"524","2 2014 Pacific Heights",34.1610623426483,"2","2014","Pacific Heights"
"525","2 2014 Potrero Hill",30.2804744115458,"2","2014","Potrero Hill"
"526","2 2014 Seacliff",20.9737367591769,"2","2014","Seacliff"
"527","2 2014 Sunset/Parkside",29.8591285627369,"2","2014","Sunset/Parkside"
"528","2 2014 Tenderloin",46.246942277754,"2","2014","Tenderloin"
"529","2 2014 West of Twin Peaks",34.6556748667594,"2","2014","West of Twin Peaks"
"530","2 2014 Western Addition",48.4391819160388,"2","2014","Western Addition"
"531","2 2015 Financial District/South Beach/SOMA",47.0281426312824,"2","2015","Financial District/South Beach/SOMA"
"532","2 2015 Haight Ashbury/Hayes Valley",43.4967984444397,"2","2015","Haight Ashbury/Hayes Valley"
"533","2 2015 Marina",40.3659849300323,"2","2015","Marina"
"534","2 2015 Russian Hill",36.1583671330215,"2","2015","Russian Hill"
"535","2 2016 Bayview Hunters Point",29.4222223623508,"2","2016","Bayview Hunters Point"
"536","2 2016 Bernal Heights",36.1772563737042,"2","2016","Bernal Heights"
"537","2 2016 Castro/Upper Market",41.7454848925485,"2","2016","Castro/Upper Market"
"538","2 2016 Excelsior/Outer Mission",20.5547085138885,"2","2016","Excelsior/Outer Mission"
"539","2 2016 Financial District/South Beach/SOMA",49.4987230697972,"2","2016","Financial District/South Beach/SOMA"
"540","2 2016 Glen Park/Noe Valley",40.8074632778616,"2","2016","Glen Park/Noe Valley"
"541","2 2016 Haight Ashbury/Hayes Valley",42.3782035944035,"2","2016","Haight Ashbury/Hayes Valley"
"542","2 2016 Inner Richmond",44.5735637559464,"2","2016","Inner Richmond"
"543","2 2016 Inner Sunset",42.9349286987794,"2","2016","Inner Sunset"
"544","2 2016 Lakeshore",25.9139656340948,"2","2016","Lakeshore"
"545","2 2016 Lone Mountain/USF",45.9296330949478,"2","2016","Lone Mountain/USF"
"546","2 2016 Marina",55.2341227125942,"2","2016","Marina"
"547","2 2016 Mission",45.1360571395474,"2","2016","Mission"
"548","2 2016 Nob Hill",53.7139417061436,"2","2016","Nob Hill"
"549","2 2016 North Beach",46.7897360492578,"2","2016","North Beach"
"550","2 2016 Pacific Heights",47.7532770335267,"2","2016","Pacific Heights"
"551","2 2016 Portola",28.7047003946896,"2","2016","Portola"
"552","2 2016 Potrero Hill",54.0671979624733,"2","2016","Potrero Hill"
"553","2 2016 Presidio Heights",50.8637410752823,"2","2016","Presidio Heights"
"554","2 2016 Russian Hill",50.0036131304122,"2","2016","Russian Hill"
"556","2 2016 Seacliff",29.5645714794975,"2","2016","Seacliff"
"557","2 2016 Sunset/Parkside",32.0568920940406,"2","2016","Sunset/Parkside"
"558","2 2016 Tenderloin",54.8305400672993,"2","2016","Tenderloin"
"559","2 2016 Treasure Island",58.4616585888219,"2","2016","Treasure Island"
"560","2 2016 Twin Peaks",30.1121928732387,"2","2016","Twin Peaks"
"561","2 2016 Visitacion Valley",53.8213132400431,"2","2016","Visitacion Valley"
"562","2 2016 West of Twin Peaks",39.6323085465153,"2","2016","West of Twin Peaks"
"563","2 2016 Western Addition",9.58461742630904,"2","2016","Western Addition"
"564","2 2017 Financial District/South Beach/SOMA",56.8322957989266,"2","2017","Financial District/South Beach/SOMA"
"565","2 2017 Haight Ashbury/Hayes Valley",48.3622943256958,"2","2017","Haight Ashbury/Hayes Valley"
"566","2 2017 Marina",43.0032292787944,"2","2017","Marina"
"567","2 2017 Nob Hill",34.983853606028,"2","2017","Nob Hill"
"568","2 2017 Oceanview/Merced/Ingleside",41.0999119287602,"2","2017","Oceanview/Merced/Ingleside"
"569","2 2017 Pacific Heights",50.6106629465079,"2","2017","Pacific Heights"
"570","2 2018 Bayview Hunters Point",38.0526840543771,"2","2018","Bayview Hunters Point"
"571","2 2018 Bernal Heights",46.7705273048292,"2","2018","Bernal Heights"
"572","2 2018 Castro/Upper Market",44.2990808975738,"2","2018","Castro/Upper Market"
"573","2 2018 Excelsior/Outer Mission",44.6988724706701,"2","2018","Excelsior/Outer Mission"
"574","2 2018 Financial District/South Beach/SOMA",57.0817393537009,"2","2018","Financial District/South Beach/SOMA"
"575","2 2018 Glen Park/Noe Valley",53.384502581863,"2","2018","Glen Park/Noe Valley"
"576","2 2018 Haight Ashbury/Hayes Valley",47.5920801182189,"2","2018","Haight Ashbury/Hayes Valley"
"577","2 2018 Inner Richmond",39.8676394370689,"2","2018","Inner Richmond"
"578","2 2018 Lakeshore",33.7280229637603,"2","2018","Lakeshore"
"579","2 2018 Marina",45.8979596829436,"2","2018","Marina"
"580","2 2018 Mission",46.0145317545748,"2","2018","Mission"
"581","2 2018 Nob Hill",52.1285125407899,"2","2018","Nob Hill"
"582","2 2018 Oceanview/Merced/Ingleside",36.0028568069178,"2","2018","Oceanview/Merced/Ingleside"
"583","2 2018 Pacific Heights",51.2750933434556,"2","2018","Pacific Heights"
"584","2 2018 Portola",28.8797290556328,"2","2018","Portola"
"585","2 2018 Potrero Hill",47.1042257649611,"2","2018","Potrero Hill"
"586","2 2018 Russian Hill",55.8316898588999,"2","2018","Russian Hill"
"588","2 2018 Seacliff",38.1034963919786,"2","2018","Seacliff"
"589","2 2018 Sunset/Parkside",49.873220575858,"2","2018","Sunset/Parkside"
"590","2 2018 Tenderloin",55.4543695593119,"2","2018","Tenderloin"
"591","2 2018 Twin Peaks",68.8437279797338,"2","2018","Twin Peaks"
"592","2 2018 Visitacion Valley",46.856202114861,"2","2018","Visitacion Valley"
"594","3 2012 Bayview Hunters Point",21.2802593069283,"3","2012","Bayview Hunters Point"
"595","3 2012 Bernal Heights",25.9588864271318,"3","2012","Bernal Heights"
"596","3 2012 Castro/Upper Market",38.7143392719899,"3","2012","Castro/Upper Market"
"597","3 2012 Excelsior/Outer Mission",21.985541951712,"3","2012","Excelsior/Outer Mission"
"598","3 2012 Financial District/South Beach/SOMA",40.3129784302226,"3","2012","Financial District/South Beach/SOMA"
"599","3 2012 Glen Park/Noe Valley",27.9944760068189,"3","2012","Glen Park/Noe Valley"
"600","3 2012 Haight Ashbury/Hayes Valley",35.0812893056428,"3","2012","Haight Ashbury/Hayes Valley"
"601","3 2012 Inner Richmond",27.362126887233,"3","2012","Inner Richmond"
"602","3 2012 Inner Sunset",29.5374626351001,"3","2012","Inner Sunset"
"603","3 2012 Lakeshore",20.0932902762828,"3","2012","Lakeshore"
"604","3 2012 Lone Mountain/USF",22.3751800860653,"3","2012","Lone Mountain/USF"
"605","3 2012 Marina",38.6640604232846,"3","2012","Marina"
"606","3 2012 Mission",28.8738728445613,"3","2012","Mission"
"607","3 2012 Nob Hill",33.6928051999603,"3","2012","Nob Hill"
"608","3 2012 North Beach",38.1715000840123,"3","2012","North Beach"
"609","3 2012 Oceanview/Merced/Ingleside",26.8713497533146,"3","2012","Oceanview/Merced/Ingleside"
"610","3 2012 Outer Richmond",18.6791616538973,"3","2012","Outer Richmond"
"611","3 2012 Pacific Heights",36.5041836894297,"3","2012","Pacific Heights"
"612","3 2012 Portola",22.062277815377,"3","2012","Portola"
"613","3 2012 Potrero Hill",27.9769567763259,"3","2012","Potrero Hill"
"614","3 2012 Presidio Heights",32.314233847626,"3","2012","Presidio Heights"
"615","3 2012 Russian Hill",38.4786117229929,"3","2012","Russian Hill"
"617","3 2012 Seacliff",24.0581848696094,"3","2012","Seacliff"
"618","3 2012 Sunset/Parkside",22.6373158585376,"3","2012","Sunset/Parkside"
"619","3 2012 Tenderloin",36.2472726546104,"3","2012","Tenderloin"
"620","3 2012 Twin Peaks",16.1463939720129,"3","2012","Twin Peaks"
"621","3 2012 Visitacion Valley",23.2084969231631,"3","2012","Visitacion Valley"
"622","3 2012 West of Twin Peaks",23.5757152343719,"3","2012","West of Twin Peaks"
"623","3 2012 Western Addition",31.3509149623251,"3","2012","Western Addition"
"624","3 2015 Bayview Hunters Point",28.0587525578509,"3","2015","Bayview Hunters Point"
"625","3 2015 Bernal Heights",57.2117990389138,"3","2015","Bernal Heights"
"626","3 2015 Castro/Upper Market",50.7159235360286,"3","2015","Castro/Upper Market"
"627","3 2015 Excelsior/Outer Mission",31.3957660566918,"3","2015","Excelsior/Outer Mission"
"628","3 2015 Financial District/South Beach/SOMA",54.8655470080891,"3","2015","Financial District/South Beach/SOMA"
"629","3 2015 Glen Park/Noe Valley",41.2852915645548,"3","2015","Glen Park/Noe Valley"
"630","3 2015 Haight Ashbury/Hayes Valley",58.734689333526,"3","2015","Haight Ashbury/Hayes Valley"
"631","3 2015 Inner Richmond",38.9018608595403,"3","2015","Inner Richmond"
"632","3 2015 Inner Sunset",45.7247093922405,"3","2015","Inner Sunset"
"633","3 2015 Lakeshore",38.6947698785262,"3","2015","Lakeshore"
"634","3 2015 Marina",45.4614820494377,"3","2015","Marina"
"635","3 2015 Mission",54.8951381106833,"3","2015","Mission"
"636","3 2015 Nob Hill",52.6055941494749,"3","2015","Nob Hill"
"637","3 2015 North Beach",39.1258017171809,"3","2015","North Beach"
"638","3 2015 Oceanview/Merced/Ingleside",34.2181527810519,"3","2015","Oceanview/Merced/Ingleside"
"639","3 2015 Pacific Heights",50.0981568599681,"3","2015","Pacific Heights"
"640","3 2015 Portola",28.9504271351029,"3","2015","Portola"
"641","3 2015 Potrero Hill",51.9976808644904,"3","2015","Potrero Hill"
"642","3 2015 Presidio Heights",51.6999619305274,"3","2015","Presidio Heights"
"643","3 2015 Russian Hill",56.1291792043359,"3","2015","Russian Hill"
"645","3 2015 Seacliff",32.6259490772844,"3","2015","Seacliff"
"646","3 2015 Sunset/Parkside",30.1039916940486,"3","2015","Sunset/Parkside"
"647","3 2015 Tenderloin",43.3716338024519,"3","2015","Tenderloin"
"648","3 2015 Twin Peaks",46.9496984297845,"3","2015","Twin Peaks"
"649","3 2015 Visitacion Valley",31.1984212414783,"3","2015","Visitacion Valley"
"650","3 2015 West of Twin Peaks",43.0747549713898,"3","2015","West of Twin Peaks"
"651","3 2016 Bayview Hunters Point",30.5026437665176,"3","2016","Bayview Hunters Point"
"652","3 2016 Bernal Heights",34.0569309891161,"3","2016","Bernal Heights"
"653","3 2016 Castro/Upper Market",53.8422923799573,"3","2016","Castro/Upper Market"
"654","3 2016 Excelsior/Outer Mission",37.473450033999,"3","2016","Excelsior/Outer Mission"
"655","3 2016 Financial District/South Beach/SOMA",51.2691967698991,"3","2016","Financial District/South Beach/SOMA"
"656","3 2016 Glen Park/Noe Valley",48.3549459544313,"3","2016","Glen Park/Noe Valley"
"657","3 2016 Haight Ashbury/Hayes Valley",50.9536112337614,"3","2016","Haight Ashbury/Hayes Valley"
"658","3 2016 Inner Richmond",38.7372493839898,"3","2016","Inner Richmond"
"659","3 2016 Inner Sunset",46.1227149938355,"3","2016","Inner Sunset"
"660","3 2016 Lakeshore",72.8170708541759,"3","2016","Lakeshore"
"661","3 2016 Lone Mountain/USF",42.8255525615571,"3","2016","Lone Mountain/USF"
"662","3 2016 Marina",44.3562662485761,"3","2016","Marina"
"663","3 2016 Mission",42.8494817051273,"3","2016","Mission"
"664","3 2016 Nob Hill",58.8096923555991,"3","2016","Nob Hill"
"665","3 2016 North Beach",48.6235924174202,"3","2016","North Beach"
"666","3 2016 Pacific Heights",48.8092977514839,"3","2016","Pacific Heights"
"667","3 2016 Portola",49.7847147470398,"3","2016","Portola"
"668","3 2016 Potrero Hill",50.7764568777071,"3","2016","Potrero Hill"
"669","3 2016 Presidio Heights",52.5455487780568,"3","2016","Presidio Heights"
"670","3 2016 Russian Hill",41.8374493324153,"3","2016","Russian Hill"
"672","3 2016 Seacliff",29.6142191567624,"3","2016","Seacliff"
"673","3 2016 Sunset/Parkside",37.7702795948221,"3","2016","Sunset/Parkside"
"674","3 2016 Tenderloin",48.7741211339245,"3","2016","Tenderloin"
"675","3 2016 Twin Peaks",46.4190046225379,"3","2016","Twin Peaks"
"676","3 2016 Visitacion Valley",24.1119483315393,"3","2016","Visitacion Valley"
"677","3 2016 West of Twin Peaks",38.717792979011,"3","2016","West of Twin Peaks"
"678","3 2016 Western Addition",38.9602043603297,"3","2016","Western Addition"
"679","3 2018 Bayview Hunters Point",47.1045529167313,"3","2018","Bayview Hunters Point"
"680","3 2018 Castro/Upper Market",49.3802970451465,"3","2018","Castro/Upper Market"
"681","3 2018 Financial District/South Beach/SOMA",51.0663719015392,"3","2018","Financial District/South Beach/SOMA"
"682","3 2018 Glen Park/Noe Valley",47.2712120686009,"3","2018","Glen Park/Noe Valley"
"683","3 2018 Haight Ashbury/Hayes Valley",40.3659849300323,"3","2018","Haight Ashbury/Hayes Valley"
"684","3 2018 Lone Mountain/USF",39.6578097558212,"3","2018","Lone Mountain/USF"
"685","3 2018 Marina",44.8128742349527,"3","2018","Marina"
"686","3 2018 Mission",43.693932442112,"3","2018","Mission"
"687","3 2018 Nob Hill",52.4623051074236,"3","2018","Nob Hill"
"688","3 2018 North Beach",49.5156081808396,"3","2018","North Beach"
"689","3 2018 Oceanview/Merced/Ingleside",40.3659849300323,"3","2018","Oceanview/Merced/Ingleside"
"690","3 2018 Pacific Heights",76.1543255339637,"3","2018","Pacific Heights"
"691","3 2018 Russian Hill",57.1127614202311,"3","2018","Russian Hill"
"693","3 2018 Seacliff",37.4962311856822,"3","2018","Seacliff"
"694","3 2018 Sunset/Parkside",32.2927879440258,"3","2018","Sunset/Parkside"
"695","3 2018 Tenderloin",55.0502027622563,"3","2018","Tenderloin"
"696","3 2018 Visitacion Valley",31.365865327114,"3","2018","Visitacion Valley"
"697","3 2018 West of Twin Peaks",27.9870828848224,"3","2018","West of Twin Peaks"
"698","4 2012 Bayview Hunters Point",23.4115949812367,"4","2012","Bayview Hunters Point"
"699","4 2012 Bernal Heights",35.8522481337683,"4","2012","Bernal Heights"
"700","4 2012 Castro/Upper Market",44.7325199402446,"4","2012","Castro/Upper Market"
"701","4 2012 Excelsior/Outer Mission",22.3351986980669,"4","2012","Excelsior/Outer Mission"
"702","4 2012 Financial District/South Beach/SOMA",41.9985494470964,"4","2012","Financial District/South Beach/SOMA"
"703","4 2012 Glen Park/Noe Valley",31.0218435938972,"4","2012","Glen Park/Noe Valley"
"704","4 2012 Haight Ashbury/Hayes Valley",46.2995641355944,"4","2012","Haight Ashbury/Hayes Valley"
"705","4 2012 Inner Richmond",23.4383138303413,"4","2012","Inner Richmond"
"706","4 2012 Inner Sunset",31.5079346537545,"4","2012","Inner Sunset"
"707","4 2012 Lone Mountain/USF",21.313240043057,"4","2012","Lone Mountain/USF"
"708","4 2012 Marina",37.9768898919273,"4","2012","Marina"
"709","4 2012 Mission",24.9769022932602,"4","2012","Mission"
"710","4 2012 Nob Hill",39.4105170068923,"4","2012","Nob Hill"
"711","4 2012 North Beach",52.3711487210129,"4","2012","North Beach"
"712","4 2012 Oceanview/Merced/Ingleside",28.3334933183796,"4","2012","Oceanview/Merced/Ingleside"
"713","4 2012 Outer Richmond",20.6315034086832,"4","2012","Outer Richmond"
"714","4 2012 Pacific Heights",39.4791144701679,"4","2012","Pacific Heights"
"715","4 2012 Portola",26.3284259628802,"4","2012","Portola"
"716","4 2012 Potrero Hill",25.767393430282,"4","2012","Potrero Hill"
"717","4 2012 Presidio Heights",31.3957660566918,"4","2012","Presidio Heights"
"718","4 2012 Russian Hill",30.4315948608115,"4","2012","Russian Hill"
"720","4 2012 Seacliff",26.0310122025545,"4","2012","Seacliff"
"721","4 2012 Sunset/Parkside",23.5997779096459,"4","2012","Sunset/Parkside"
"722","4 2012 Tenderloin",42.8025063112207,"4","2012","Tenderloin"
"723","4 2012 Visitacion Valley",17.151058485827,"4","2012","Visitacion Valley"
"724","4 2012 West of Twin Peaks",27.8989625528681,"4","2012","West of Twin Peaks"
"725","4 2012 Western Addition",8.5722228141138,"4","2012","Western Addition"
"726","4 2013 Bayview Hunters Point",25.603060227567,"4","2013","Bayview Hunters Point"
"727","4 2013 Bernal Heights",44.0958395748493,"4","2013","Bernal Heights"
"728","4 2013 Mission",17.1170060177947,"4","2013","Mission"
"729","4 2013 Nob Hill",37.6749192680301,"4","2013","Nob Hill"
"731","4 2013 Seacliff",14.7111589522785,"4","2013","Seacliff"
"732","4 2013 Sunset/Parkside",25.1166128453534,"4","2013","Sunset/Parkside"
"733","4 2013 Tenderloin",49.3362038033728,"4","2013","Tenderloin"
"734","4 2013 Visitacion Valley",29.6017222820237,"4","2013","Visitacion Valley"
"735","4 2014 Financial District/South Beach/SOMA",42.280446802886,"4","2014","Financial District/South Beach/SOMA"
"736","4 2014 Mission",32.113383566559,"4","2014","Mission"
"737","4 2014 North Beach",39.8473431842646,"4","2014","North Beach"
"738","4 2014 Oceanview/Merced/Ingleside",27.7080094087629,"4","2014","Oceanview/Merced/Ingleside"
"739","4 2014 Sunset/Parkside",38.2991790140745,"4","2014","Sunset/Parkside"
"740","4 2014 Tenderloin",52.2835614331847,"4","2014","Tenderloin"
"741","4 2015 Bayview Hunters Point",27.9702016825618,"4","2015","Bayview Hunters Point"
"742","4 2015 Bernal Heights",40.9562228529696,"4","2015","Bernal Heights"
"743","4 2015 Excelsior/Outer Mission",33.7741084919169,"4","2015","Excelsior/Outer Mission"
"744","4 2015 Financial District/South Beach/SOMA",51.6809175891577,"4","2015","Financial District/South Beach/SOMA"
"745","4 2015 Glen Park/Noe Valley",46.286329386437,"4","2015","Glen Park/Noe Valley"
"746","4 2015 Haight Ashbury/Hayes Valley",47.174786355399,"4","2015","Haight Ashbury/Hayes Valley"
"747","4 2015 Inner Richmond",32.2927879440258,"4","2015","Inner Richmond"
"748","4 2015 Inner Sunset",29.2685925215332,"4","2015","Inner Sunset"
"749","4 2015 Lone Mountain/USF",41.5192987851761,"4","2015","Lone Mountain/USF"
"750","4 2015 Marina",48.1403384013468,"4","2015","Marina"
"751","4 2015 Mission",50.5254338966872,"4","2015","Mission"
"752","4 2015 Nob Hill",60.9312095310703,"4","2015","Nob Hill"
"753","4 2015 Oceanview/Merced/Ingleside",32.7568779971902,"4","2015","Oceanview/Merced/Ingleside"
"754","4 2015 Pacific Heights",53.6325288878573,"4","2015","Pacific Heights"
"755","4 2015 Potrero Hill",46.6739649317009,"4","2015","Potrero Hill"
"756","4 2015 Russian Hill",42.1413561078304,"4","2015","Russian Hill"
"758","4 2015 Seacliff",37.3174936813776,"4","2015","Seacliff"
"759","4 2015 Sunset/Parkside",30.4597908124787,"4","2015","Sunset/Parkside"
"760","4 2015 Tenderloin",52.1211155368695,"4","2015","Tenderloin"
"761","4 2015 Visitacion Valley",37.6749192680301,"4","2015","Visitacion Valley"
"762","4 2016 Bayview Hunters Point",35.0140817426902,"4","2016","Bayview Hunters Point"
"763","4 2016 Bernal Heights",40.3735229290855,"4","2016","Bernal Heights"
"764","4 2016 Castro/Upper Market",41.7703276769349,"4","2016","Castro/Upper Market"
"765","4 2016 Excelsior/Outer Mission",40.8272205904068,"4","2016","Excelsior/Outer Mission"
"766","4 2016 Financial District/South Beach/SOMA",52.7235415557672,"4","2016","Financial District/South Beach/SOMA"
"767","4 2016 Glen Park/Noe Valley",46.7487127105767,"4","2016","Glen Park/Noe Valley"
"768","4 2016 Haight Ashbury/Hayes Valley",47.1036456901894,"4","2016","Haight Ashbury/Hayes Valley"
"769","4 2016 Inner Richmond",26.2086394908036,"4","2016","Inner Richmond"
"770","4 2016 Inner Sunset",39.590488150768,"4","2016","Inner Sunset"
"771","4 2016 Lone Mountain/USF",41.5231852269149,"4","2016","Lone Mountain/USF"
"772","4 2016 Marina",40.5842602559503,"4","2016","Marina"
"773","4 2016 Mission",54.1217121044097,"4","2016","Mission"
"774","4 2016 Nob Hill",57.9181557373537,"4","2016","Nob Hill"
"775","4 2016 North Beach",55.9741657696448,"4","2016","North Beach"
"776","4 2016 Pacific Heights",50.9037377322003,"4","2016","Pacific Heights"
"777","4 2016 Potrero Hill",50.3417812657465,"4","2016","Potrero Hill"
"778","4 2016 Russian Hill",48.3486642528623,"4","2016","Russian Hill"
"780","4 2016 Seacliff",27.5860351935585,"4","2016","Seacliff"
"781","4 2016 Sunset/Parkside",42.4480919716428,"4","2016","Sunset/Parkside"
"782","4 2016 Tenderloin",55.683458349645,"4","2016","Tenderloin"
"783","4 2016 Twin Peaks",45.4317210339932,"4","2016","Twin Peaks"
"784","4 2016 Visitacion Valley",49.2080578194679,"4","2016","Visitacion Valley"
"785","4 2016 West of Twin Peaks",34.9715565650878,"4","2016","West of Twin Peaks"
"786","4 2016 Western Addition",73.4954907689663,"4","2016","Western Addition"
"787","4 2018 Castro/Upper Market",45.5543022873575,"4","2018","Castro/Upper Market"
"788","4 2018 Financial District/South Beach/SOMA",56.4172835070594,"4","2018","Financial District/South Beach/SOMA"
"789","4 2018 Glen Park/Noe Valley",70.86472909939,"4","2018","Glen Park/Noe Valley"
"790","4 2018 Inner Richmond",37.0769046764741,"4","2018","Inner Richmond"
"791","4 2018 Inner Sunset",41.6218155723,"4","2018","Inner Sunset"
"792","4 2018 Lone Mountain/USF",46.1148218683203,"4","2018","Lone Mountain/USF"
"793","4 2018 Marina",45.3123225273517,"4","2018","Marina"
"794","4 2018 Mission",50.1855816710499,"4","2018","Mission"
"795","4 2018 Nob Hill",47.165316834185,"4","2018","Nob Hill"
"796","4 2018 Pacific Heights",45.6950664675669,"4","2018","Pacific Heights"
"797","4 2018 Potrero Hill",28.9885710485885,"4","2018","Potrero Hill"
"798","4 2018 Russian Hill",52.390281042746,"4","2018","Russian Hill"
"800","4 2018 Sunset/Parkside",43.6151975441534,"4","2018","Sunset/Parkside"
"801","4 2018 West of Twin Peaks",36.625595944228,"4","2018","West of Twin Peaks"
"802","5 2012 Bayview Hunters Point",25.9480594028903,"5","2012","Bayview Hunters Point"
"803","5 2012 Bernal Heights",35.3682915577426,"5","2012","Bernal Heights"
"804","5 2012 Castro/Upper Market",35.7301155122975,"5","2012","Castro/Upper Market"
"805","5 2012 Excelsior/Outer Mission",23.8599994323821,"5","2012","Excelsior/Outer Mission"
"806","5 2012 Financial District/South Beach/SOMA",42.0027473000793,"5","2012","Financial District/South Beach/SOMA"
"807","5 2012 Glen Park/Noe Valley",32.6151727191809,"5","2012","Glen Park/Noe Valley"
"808","5 2012 Haight Ashbury/Hayes Valley",29.7330719155261,"5","2012","Haight Ashbury/Hayes Valley"
"809","5 2012 Inner Richmond",26.3546356004906,"5","2012","Inner Richmond"
"810","5 2012 Inner Sunset",28.4146857995365,"5","2012","Inner Sunset"
"811","5 2012 Lakeshore",34.8300784253422,"5","2012","Lakeshore"
"812","5 2012 Mission",32.0326965763706,"5","2012","Mission"
"813","5 2012 Nob Hill",40.743183512705,"5","2012","Nob Hill"
"814","5 2012 North Beach",35.7812063947694,"5","2012","North Beach"
"815","5 2012 Oceanview/Merced/Ingleside",29.4119406639323,"5","2012","Oceanview/Merced/Ingleside"
"816","5 2012 Pacific Heights",40.6406534558699,"5","2012","Pacific Heights"
"817","5 2012 Portola",16.9962041810662,"5","2012","Portola"
"818","5 2012 Potrero Hill",32.2866585677728,"5","2012","Potrero Hill"
"819","5 2012 Presidio Heights",31.1691806578782,"5","2012","Presidio Heights"
"820","5 2012 Russian Hill",34.3454196821418,"5","2012","Russian Hill"
"822","5 2012 Seacliff",23.9918854020038,"5","2012","Seacliff"
"823","5 2012 Sunset/Parkside",19.4429618091944,"5","2012","Sunset/Parkside"
"824","5 2012 Tenderloin",45.7028299468944,"5","2012","Tenderloin"
"825","5 2012 West of Twin Peaks",17.1249633036501,"5","2012","West of Twin Peaks"
"826","5 2012 Western Addition",29.0100695478246,"5","2012","Western Addition"
"827","5 2013 Bernal Heights",28.6231529503865,"5","2013","Bernal Heights"
"828","5 2013 Financial District/South Beach/SOMA",53.5101147460784,"5","2013","Financial District/South Beach/SOMA"
"829","5 2013 Glen Park/Noe Valley",47.2551130247578,"5","2013","Glen Park/Noe Valley"
"830","5 2013 Haight Ashbury/Hayes Valley",24.0401865805526,"5","2013","Haight Ashbury/Hayes Valley"
"831","5 2013 Marina",36.1575703001404,"5","2013","Marina"
"832","5 2013 Mission",27.0605000489285,"5","2013","Mission"
"833","5 2013 Nob Hill",46.958264729657,"5","2013","Nob Hill"
"834","5 2013 Pacific Heights",46.3651365724902,"5","2013","Pacific Heights"
"835","5 2013 Potrero Hill",41.9037367368907,"5","2013","Potrero Hill"
"836","5 2013 Presidio Heights",41.3347685683531,"5","2013","Presidio Heights"
"837","5 2013 Russian Hill",30.7098081428481,"5","2013","Russian Hill"
"839","5 2013 Seacliff",22.1486885761494,"5","2013","Seacliff"
"840","5 2013 Sunset/Parkside",31.6799929621693,"5","2013","Sunset/Parkside"
"841","5 2013 West of Twin Peaks",27.2750201186413,"5","2013","West of Twin Peaks"
"842","5 2015 Bayview Hunters Point",28.2561894510226,"5","2015","Bayview Hunters Point"
"843","5 2015 Financial District/South Beach/SOMA",49.5862945274094,"5","2015","Financial District/South Beach/SOMA"
"844","5 2015 Glen Park/Noe Valley",42.5269922040643,"5","2015","Glen Park/Noe Valley"
"845","5 2015 Haight Ashbury/Hayes Valley",61.4289669668784,"5","2015","Haight Ashbury/Hayes Valley"
"846","5 2015 Inner Sunset",34.5926822035992,"5","2015","Inner Sunset"
"847","5 2015 Lakeshore",31.428504081777,"5","2015","Lakeshore"
"848","5 2015 Marina",52.4359127696049,"5","2015","Marina"
"849","5 2015 Mission",44.3867549187306,"5","2015","Mission"
"850","5 2015 Nob Hill",46.3247731816085,"5","2015","Nob Hill"
"851","5 2015 Oceanview/Merced/Ingleside",34.2431591845364,"5","2015","Oceanview/Merced/Ingleside"
"852","5 2015 Pacific Heights",45.8972110172358,"5","2015","Pacific Heights"
"853","5 2015 Potrero Hill",41.7389776147272,"5","2015","Potrero Hill"
"854","5 2015 Russian Hill",44.0230741630096,"5","2015","Russian Hill"
"856","5 2015 Seacliff",33.5710441334769,"5","2015","Seacliff"
"857","5 2015 Tenderloin",51.1124755072804,"5","2015","Tenderloin"
"858","5 2015 West of Twin Peaks",21.1440873443026,"5","2015","West of Twin Peaks"
"859","5 2016 Bayview Hunters Point",29.8708288482239,"5","2016","Bayview Hunters Point"
"860","5 2016 Bernal Heights",45.1234019440015,"5","2016","Bernal Heights"
"861","5 2016 Castro/Upper Market",55.0387000871393,"5","2016","Castro/Upper Market"
"862","5 2016 Excelsior/Outer Mission",29.9861602337383,"5","2016","Excelsior/Outer Mission"
"863","5 2016 Financial District/South Beach/SOMA",54.6224561377456,"5","2016","Financial District/South Beach/SOMA"
"864","5 2016 Glen Park/Noe Valley",40.888470933466,"5","2016","Glen Park/Noe Valley"
"865","5 2016 Haight Ashbury/Hayes Valley",50.319335307297,"5","2016","Haight Ashbury/Hayes Valley"
"866","5 2016 Inner Richmond",48.2195030864875,"5","2016","Inner Richmond"
"867","5 2016 Inner Sunset",40.9721503660931,"5","2016","Inner Sunset"
"868","5 2016 Lone Mountain/USF",39.6694365124128,"5","2016","Lone Mountain/USF"
"869","5 2016 Marina",45.9761601372196,"5","2016","Marina"
"870","5 2016 Mission",50.7076606249728,"5","2016","Mission"
"871","5 2016 Nob Hill",58.4677836300138,"5","2016","Nob Hill"
"872","5 2016 North Beach",48.9802427369704,"5","2016","North Beach"
"873","5 2016 Pacific Heights",46.4868739184124,"5","2016","Pacific Heights"
"874","5 2016 Potrero Hill",49.3851205773785,"5","2016","Potrero Hill"
"875","5 2016 Russian Hill",37.6820290848386,"5","2016","Russian Hill"
"877","5 2016 Sunset/Parkside",39.4868567875763,"5","2016","Sunset/Parkside"
"878","5 2016 Tenderloin",63.0503007903309,"5","2016","Tenderloin"
"879","5 2016 Visitacion Valley",33.2629575389108,"5","2016","Visitacion Valley"
"880","5 2016 West of Twin Peaks",37.550396466621,"5","2016","West of Twin Peaks"
"881","5 2018 Bayview Hunters Point",37.6749192680301,"5","2018","Bayview Hunters Point"
"882","5 2018 Bernal Heights",40.7002090723515,"5","2018","Bernal Heights"
"883","5 2018 Castro/Upper Market",35.1811095122602,"5","2018","Castro/Upper Market"
"884","5 2018 Excelsior/Outer Mission",30.60339672288,"5","2018","Excelsior/Outer Mission"
"885","5 2018 Financial District/South Beach/SOMA",54.2425727534678,"5","2018","Financial District/South Beach/SOMA"
"886","5 2018 Glen Park/Noe Valley",50.0663378977144,"5","2018","Glen Park/Noe Valley"
"887","5 2018 Haight Ashbury/Hayes Valley",54.895927339415,"5","2018","Haight Ashbury/Hayes Valley"
"888","5 2018 Lakeshore",27.2896799526978,"5","2018","Lakeshore"
"889","5 2018 Lone Mountain/USF",39.4689630426983,"5","2018","Lone Mountain/USF"
"890","5 2018 Marina",41.9123616837794,"5","2018","Marina"
"891","5 2018 Mission",46.4759169284728,"5","2018","Mission"
"892","5 2018 Nob Hill",42.9150827933597,"5","2018","Nob Hill"
"893","5 2018 North Beach",49.7606012554448,"5","2018","North Beach"
"894","5 2018 Oceanview/Merced/Ingleside",57.5663101907241,"5","2018","Oceanview/Merced/Ingleside"
"895","5 2018 Pacific Heights",41.4031985237583,"5","2018","Pacific Heights"
"896","5 2018 Portola",26.3724434876211,"5","2018","Portola"
"897","5 2018 Potrero Hill",40.3959765432866,"5","2018","Potrero Hill"
"898","5 2018 Presidio Heights",39.1902766310994,"5","2018","Presidio Heights"
"899","5 2018 Russian Hill",49.978316593227,"5","2018","Russian Hill"
"901","5 2018 Seacliff",38.9069734265371,"5","2018","Seacliff"
"902","5 2018 Sunset/Parkside",33.9049539352878,"5","2018","Sunset/Parkside"
"903","5 2018 West of Twin Peaks",54.7183351273771,"5","2018","West of Twin Peaks"
"904","6 2012 Bayview Hunters Point",23.0842330974654,"6","2012","Bayview Hunters Point"
"905","6 2012 Bernal Heights",32.8045021105237,"6","2012","Bernal Heights"
"906","6 2012 Castro/Upper Market",32.4672169369353,"6","2012","Castro/Upper Market"
"907","6 2012 Excelsior/Outer Mission",21.2791309556473,"6","2012","Excelsior/Outer Mission"
"908","6 2012 Financial District/South Beach/SOMA",46.8713281143555,"6","2012","Financial District/South Beach/SOMA"
"909","6 2012 Glen Park/Noe Valley",28.8484093111061,"6","2012","Glen Park/Noe Valley"
"910","6 2012 Haight Ashbury/Hayes Valley",32.3517420140841,"6","2012","Haight Ashbury/Hayes Valley"
"911","6 2012 Inner Richmond",23.1232308734999,"6","2012","Inner Richmond"
"912","6 2012 Inner Sunset",33.066354442599,"6","2012","Inner Sunset"
"913","6 2012 Lakeshore",14.9716853091215,"6","2012","Lakeshore"
"914","6 2012 Lone Mountain/USF",23.1594741820791,"6","2012","Lone Mountain/USF"
"915","6 2012 Marina",40.6256037647318,"6","2012","Marina"
"916","6 2012 Mission",28.3556926834877,"6","2012","Mission"
"917","6 2012 Nob Hill",41.2057721422341,"6","2012","Nob Hill"
"918","6 2012 North Beach",44.1044607168753,"6","2012","North Beach"
"919","6 2012 Oceanview/Merced/Ingleside",30.6207499199343,"6","2012","Oceanview/Merced/Ingleside"
"920","6 2012 Pacific Heights",46.3053307920677,"6","2012","Pacific Heights"
"921","6 2012 Portola",20.8382423007495,"6","2012","Portola"
"922","6 2012 Potrero Hill",30.6980823665431,"6","2012","Potrero Hill"
"923","6 2012 Presidio Heights",20.3648212259622,"6","2012","Presidio Heights"
"924","6 2012 Russian Hill",54.5262464776408,"6","2012","Russian Hill"
"926","6 2012 Seacliff",22.7223917622237,"6","2012","Seacliff"
"927","6 2012 Sunset/Parkside",50.2362725033233,"6","2012","Sunset/Parkside"
"928","6 2012 Tenderloin",28.5796852149392,"6","2012","Tenderloin"
"929","6 2012 West of Twin Peaks",24.7175927644359,"6","2012","West of Twin Peaks"
"930","6 2013 Castro/Upper Market",33.8959759979846,"6","2013","Castro/Upper Market"
"931","6 2013 Excelsior/Outer Mission",26.0136347326875,"6","2013","Excelsior/Outer Mission"
"932","6 2013 Financial District/South Beach/SOMA",45.1994100740341,"6","2013","Financial District/South Beach/SOMA"
"933","6 2013 Glen Park/Noe Valley",44.5948023988928,"6","2013","Glen Park/Noe Valley"
"934","6 2013 Haight Ashbury/Hayes Valley",44.8510943667026,"6","2013","Haight Ashbury/Hayes Valley"
"935","6 2013 Inner Sunset",20.2983238505306,"6","2013","Inner Sunset"
"936","6 2013 Marina",65.1541943111306,"6","2013","Marina"
"937","6 2013 Mission",20.5499559643801,"6","2013","Mission"
"938","6 2013 Nob Hill",32.6467352167029,"6","2013","Nob Hill"
"939","6 2013 North Beach",55.9311087190527,"6","2013","North Beach"
"940","6 2013 Pacific Heights",48.3763932745751,"6","2013","Pacific Heights"
"941","6 2013 Potrero Hill",33.7183254298432,"6","2013","Potrero Hill"
"942","6 2013 Presidio Heights",38.2705468265526,"6","2013","Presidio Heights"
"944","6 2013 Sunset/Parkside",32.0553680501138,"6","2013","Sunset/Parkside"
"945","6 2013 Twin Peaks",33.8959759979846,"6","2013","Twin Peaks"
"946","6 2013 West of Twin Peaks",20.2575118190027,"6","2013","West of Twin Peaks"
"947","6 2015 Bayview Hunters Point",32.6312320035006,"6","2015","Bayview Hunters Point"
"948","6 2015 Bernal Heights",77.2818856780105,"6","2015","Bernal Heights"
"949","6 2015 Castro/Upper Market",49.1756022434171,"6","2015","Castro/Upper Market"
"950","6 2015 Excelsior/Outer Mission",35.880875493362,"6","2015","Excelsior/Outer Mission"
"951","6 2015 Financial District/South Beach/SOMA",59.9911086191327,"6","2015","Financial District/South Beach/SOMA"
"952","6 2015 Glen Park/Noe Valley",40.7163648675374,"6","2015","Glen Park/Noe Valley"
"953","6 2015 Haight Ashbury/Hayes Valley",47.1013604902126,"6","2015","Haight Ashbury/Hayes Valley"
"954","6 2015 Inner Sunset",62.5542875122229,"6","2015","Inner Sunset"
"955","6 2015 Lakeshore",33.4591064079734,"6","2015","Lakeshore"
"956","6 2015 Lone Mountain/USF",42.4816582629879,"6","2015","Lone Mountain/USF"
"957","6 2015 Marina",53.6675893783922,"6","2015","Marina"
"958","6 2015 Mission",49.7354624181432,"6","2015","Mission"
"959","6 2015 Nob Hill",59.3582449402151,"6","2015","Nob Hill"
"960","6 2015 North Beach",49.6352110991508,"6","2015","North Beach"
"961","6 2015 Oceanview/Merced/Ingleside",35.5080925990196,"6","2015","Oceanview/Merced/Ingleside"
"962","6 2015 Pacific Heights",52.7079993829142,"6","2015","Pacific Heights"
"963","6 2015 Portola",29.7393335942851,"6","2015","Portola"
"964","6 2015 Potrero Hill",51.4354697191026,"6","2015","Potrero Hill"
"965","6 2015 Presidio Heights",33.4258682227636,"6","2015","Presidio Heights"
"966","6 2015 Russian Hill",48.1207710829292,"6","2015","Russian Hill"
"968","6 2015 Seacliff",30.0185961479186,"6","2015","Seacliff"
"969","6 2015 Sunset/Parkside",36.1513174450347,"6","2015","Sunset/Parkside"
"970","6 2015 Tenderloin",52.0112077385311,"6","2015","Tenderloin"
"971","6 2015 Twin Peaks",60.3482153535975,"6","2015","Twin Peaks"
"972","6 2015 West of Twin Peaks",41.2630068173663,"6","2015","West of Twin Peaks"
"973","6 2015 Western Addition",49.8700511407245,"6","2015","Western Addition"
"974","6 2016 Bayview Hunters Point",36.3549170599762,"6","2016","Bayview Hunters Point"
"975","6 2016 Excelsior/Outer Mission",40.8794570977423,"6","2016","Excelsior/Outer Mission"
"976","6 2016 Financial District/South Beach/SOMA",51.6784287153294,"6","2016","Financial District/South Beach/SOMA"
"977","6 2016 Glen Park/Noe Valley",45.9207387680693,"6","2016","Glen Park/Noe Valley"
"978","6 2016 Haight Ashbury/Hayes Valley",47.8046061953329,"6","2016","Haight Ashbury/Hayes Valley"
"979","6 2016 Inner Richmond",45.0677540886836,"6","2016","Inner Richmond"
"980","6 2016 Inner Sunset",49.5455865746501,"6","2016","Inner Sunset"
"981","6 2016 Lone Mountain/USF",45.7405205041842,"6","2016","Lone Mountain/USF"
"982","6 2016 Marina",43.256026356134,"6","2016","Marina"
"983","6 2016 Mission",36.8876805284425,"6","2016","Mission"
"984","6 2016 Nob Hill",45.5820378841756,"6","2016","Nob Hill"
"985","6 2016 North Beach",47.0191851889699,"6","2016","North Beach"
"986","6 2016 Pacific Heights",47.3703699239354,"6","2016","Pacific Heights"
"987","6 2016 Portola",12.5583064226768,"6","2016","Portola"
"988","6 2016 Potrero Hill",39.3854739925784,"6","2016","Potrero Hill"
"989","6 2016 Presidio Heights",45.4377756172089,"6","2016","Presidio Heights"
"990","6 2016 Russian Hill",41.7930652053365,"6","2016","Russian Hill"
"991","6 2016 Seacliff",48.4548873497564,"6","2016","Seacliff"
"992","6 2016 Sunset/Parkside",31.0174146522284,"6","2016","Sunset/Parkside"
"993","6 2016 Tenderloin",56.3100945235991,"6","2016","Tenderloin"
"994","6 2016 Twin Peaks",37.0904959171912,"6","2016","Twin Peaks"
"995","6 2016 West of Twin Peaks",35.6772119530429,"6","2016","West of Twin Peaks"
"996","6 2016 Western Addition",51.6684607104413,"6","2016","Western Addition"
"997","6 2018 Financial District/South Beach/SOMA",54.4462783462341,"6","2018","Financial District/South Beach/SOMA"
"998","6 2018 Haight Ashbury/Hayes Valley",39.380403557006,"6","2018","Haight Ashbury/Hayes Valley"
"999","6 2018 Inner Richmond",40.0430167531128,"6","2018","Inner Richmond"
"1000","6 2018 Inner Sunset",40.3734601124267,"6","2018","Inner Sunset"
"1001","6 2018 Mission",36.3500869421214,"6","2018","Mission"
"1002","6 2018 Oceanview/Merced/Ingleside",46.7819719885911,"6","2018","Oceanview/Merced/Ingleside"
"1003","6 2018 Pacific Heights",46.176508831276,"6","2018","Pacific Heights"
"1005","6 2018 Sunset/Parkside",39.3843866933211,"6","2018","Sunset/Parkside"
"1006","6 2018 Visitacion Valley",38.3189349820136,"6","2018","Visitacion Valley"
"1007","6 2018 West of Twin Peaks",34.0200927841991,"6","2018","West of Twin Peaks"
"1008","6 2018 Western Addition",39.3750523921453,"6","2018","Western Addition"
"1009","7 2011 Financial District/South Beach/SOMA",41.4424111948332,"7","2011","Financial District/South Beach/SOMA"
"1010","7 2011 Oceanview/Merced/Ingleside",27.6282741298888,"7","2011","Oceanview/Merced/Ingleside"
"1011","7 2011 Presidio Heights",27.9870828848224,"7","2011","Presidio Heights"
"1012","7 2011 Sunset/Parkside",18.0685837305859,"7","2011","Sunset/Parkside"
"1013","7 2012 Bayview Hunters Point",24.4012029294864,"7","2012","Bayview Hunters Point"
"1014","7 2012 Bernal Heights",31.5789135955364,"7","2012","Bernal Heights"
"1015","7 2012 Castro/Upper Market",30.2744886975242,"7","2012","Castro/Upper Market"
"1016","7 2012 Financial District/South Beach/SOMA",44.6983246333853,"7","2012","Financial District/South Beach/SOMA"
"1017","7 2012 Glen Park/Noe Valley",22.0059273342373,"7","2012","Glen Park/Noe Valley"
"1018","7 2012 Haight Ashbury/Hayes Valley",28.1222390961473,"7","2012","Haight Ashbury/Hayes Valley"
"1019","7 2012 Inner Sunset",31.7710652298395,"7","2012","Inner Sunset"
"1020","7 2012 Lakeshore",30.0345926985383,"7","2012","Lakeshore"
"1021","7 2012 Lone Mountain/USF",32.6545036417196,"7","2012","Lone Mountain/USF"
"1022","7 2012 Marina",42.1600287047004,"7","2012","Marina"
"1023","7 2012 Mission",27.4783770513474,"7","2012","Mission"
"1024","7 2012 Nob Hill",44.344019065236,"7","2012","Nob Hill"
"1025","7 2012 North Beach",48.0657661241089,"7","2012","North Beach"
"1026","7 2012 Oceanview/Merced/Ingleside",29.9828103947065,"7","2012","Oceanview/Merced/Ingleside"
"1027","7 2012 Outer Richmond",31.1211675197527,"7","2012","Outer Richmond"
"1028","7 2012 Pacific Heights",40.9649504495129,"7","2012","Pacific Heights"
"1029","7 2012 Portola",31.8629649563449,"7","2012","Portola"
"1030","7 2012 Potrero Hill",31.678943554458,"7","2012","Potrero Hill"
"1031","7 2012 Presidio Heights",31.640408389601,"7","2012","Presidio Heights"
"1032","7 2012 Russian Hill",40.7597548964018,"7","2012","Russian Hill"
"1034","7 2012 Seacliff",30.9069863286089,"7","2012","Seacliff"
"1035","7 2012 Sunset/Parkside",28.1216361679225,"7","2012","Sunset/Parkside"
"1036","7 2012 Tenderloin",31.9570791059377,"7","2012","Tenderloin"
"1037","7 2012 West of Twin Peaks",37.7421959095802,"7","2012","West of Twin Peaks"
"1038","7 2012 Western Addition",36.3293864370291,"7","2012","Western Addition"
"1039","7 2014 Financial District/South Beach/SOMA",57.738554103618,"7","2014","Financial District/South Beach/SOMA"
"1040","7 2014 Glen Park/Noe Valley",31.2932492695678,"7","2014","Glen Park/Noe Valley"
"1041","7 2014 Inner Richmond",34.5994156543133,"7","2014","Inner Richmond"
"1042","7 2014 Marina",62.7915321133835,"7","2014","Marina"
"1043","7 2014 Mission",27.7833899147139,"7","2014","Mission"
"1044","7 2014 Nob Hill",51.5695614415234,"7","2014","Nob Hill"
"1045","7 2014 North Beach",46.1171766876826,"7","2014","North Beach"
"1046","7 2014 Oceanview/Merced/Ingleside",35.6325926495464,"7","2014","Oceanview/Merced/Ingleside"
"1047","7 2014 Pacific Heights",45.3210104358292,"7","2014","Pacific Heights"
"1048","7 2014 Potrero Hill",39.6878649356286,"7","2014","Potrero Hill"
"1049","7 2014 Russian Hill",57.0674720603111,"7","2014","Russian Hill"
"1051","7 2014 Tenderloin",48.7509788032002,"7","2014","Tenderloin"
"1052","7 2016 Bayview Hunters Point",39.7449697772625,"7","2016","Bayview Hunters Point"
"1053","7 2016 Bernal Heights",30.1457983025766,"7","2016","Bernal Heights"
"1054","7 2016 Castro/Upper Market",48.1089147666112,"7","2016","Castro/Upper Market"
"1055","7 2016 Excelsior/Outer Mission",35.1632579834948,"7","2016","Excelsior/Outer Mission"
"1056","7 2016 Financial District/South Beach/SOMA",46.1211254999566,"7","2016","Financial District/South Beach/SOMA"
"1057","7 2016 Glen Park/Noe Valley",53.0034697898484,"7","2016","Glen Park/Noe Valley"
"1058","7 2016 Haight Ashbury/Hayes Valley",43.1383448319049,"7","2016","Haight Ashbury/Hayes Valley"
"1059","7 2016 Inner Richmond",36.9539440578642,"7","2016","Inner Richmond"
"1060","7 2016 Inner Sunset",35.1779365234693,"7","2016","Inner Sunset"
"1061","7 2016 Lone Mountain/USF",33.6084200454492,"7","2016","Lone Mountain/USF"
"1062","7 2016 Marina",83.9612486544672,"7","2016","Marina"
"1063","7 2016 Mission",32.4016974665672,"7","2016","Mission"
"1064","7 2016 Nob Hill",48.1615929223966,"7","2016","Nob Hill"
"1065","7 2016 North Beach",51.9555077143882,"7","2016","North Beach"
"1066","7 2016 Pacific Heights",42.3669828291773,"7","2016","Pacific Heights"
"1067","7 2016 Potrero Hill",43.1780874486575,"7","2016","Potrero Hill"
"1068","7 2016 Presidio Heights",29.8708288482239,"7","2016","Presidio Heights"
"1069","7 2016 Russian Hill",43.2344834928257,"7","2016","Russian Hill"
"1070","7 2016 Seacliff",41.0162424320031,"7","2016","Seacliff"
"1071","7 2016 Sunset/Parkside",39.6421175957895,"7","2016","Sunset/Parkside"
"1072","7 2016 Tenderloin",42.7508603967411,"7","2016","Tenderloin"
"1073","7 2016 Twin Peaks",43.0099342908815,"7","2016","Twin Peaks"
"1074","7 2016 West of Twin Peaks",31.0843691832255,"7","2016","West of Twin Peaks"
"1075","7 2018 Financial District/South Beach/SOMA",48.3255215442616,"7","2018","Financial District/South Beach/SOMA"
"1076","7 2018 Glen Park/Noe Valley",30.3829994097017,"7","2018","Glen Park/Noe Valley"
"1077","7 2018 Haight Ashbury/Hayes Valley",48.4290077547458,"7","2018","Haight Ashbury/Hayes Valley"
"1078","7 2018 Nob Hill",53.767491926803,"7","2018","Nob Hill"
"1079","7 2018 Oceanview/Merced/Ingleside",36.1438554925483,"7","2018","Oceanview/Merced/Ingleside"
"1080","7 2018 Potrero Hill",29.5363144360722,"7","2018","Potrero Hill"
"1081","7 2018 Russian Hill",64.5766056691784,"7","2018","Russian Hill"
"1083","7 2018 Western Addition",48.158076967906,"7","2018","Western Addition"
"1084","8 2012 Bernal Heights",32.3247796337139,"8","2012","Bernal Heights"
"1085","8 2012 Excelsior/Outer Mission",28.1664872622892,"8","2012","Excelsior/Outer Mission"
"1086","8 2012 Financial District/South Beach/SOMA",48.4505709576247,"8","2012","Financial District/South Beach/SOMA"
"1087","8 2012 Glen Park/Noe Valley",29.0846758509647,"8","2012","Glen Park/Noe Valley"
"1088","8 2012 Haight Ashbury/Hayes Valley",39.5445017279475,"8","2012","Haight Ashbury/Hayes Valley"
"1089","8 2012 Inner Sunset",42.2881746886053,"8","2012","Inner Sunset"
"1090","8 2012 Lone Mountain/USF",29.2096489654348,"8","2012","Lone Mountain/USF"
"1091","8 2012 Marina",31.5220135815758,"8","2012","Marina"
"1092","8 2012 Mission",34.8539400913107,"8","2012","Mission"
"1093","8 2012 Oceanview/Merced/Ingleside",26.8029236102884,"8","2012","Oceanview/Merced/Ingleside"
"1094","8 2012 Pacific Heights",29.1403967399661,"8","2012","Pacific Heights"
"1095","8 2012 Potrero Hill",14.1311667182761,"8","2012","Potrero Hill"
"1097","8 2012 Seacliff",33.9074273412271,"8","2012","Seacliff"
"1098","8 2012 Tenderloin",65.5154885779213,"8","2012","Tenderloin"
"1099","8 2012 Treasure Island",15.1839422528969,"8","2012","Treasure Island"
"1100","8 2012 Visitacion Valley",42.3699699974807,"8","2012","Visitacion Valley"
"1101","8 2013 Bernal Heights",19.0835550396646,"8","2013","Bernal Heights"
"1102","8 2013 Excelsior/Outer Mission",27.8076785073555,"8","2013","Excelsior/Outer Mission"
"1103","8 2013 Financial District/South Beach/SOMA",45.485394334074,"8","2013","Financial District/South Beach/SOMA"
"1104","8 2013 Glen Park/Noe Valley",36.2339888712332,"8","2013","Glen Park/Noe Valley"
"1105","8 2013 Haight Ashbury/Hayes Valley",30.9645708269741,"8","2013","Haight Ashbury/Hayes Valley"
"1106","8 2013 Inner Sunset",34.7250972923739,"8","2013","Inner Sunset"
"1107","8 2013 Mission",26.9106566200215,"8","2013","Mission"
"1108","8 2013 Nob Hill",46.3536060279871,"8","2013","Nob Hill"
"1109","8 2013 North Beach",44.3234344329766,"8","2013","North Beach"
"1110","8 2013 Russian Hill",48.4391819160388,"8","2013","Russian Hill"
"1111","8 2013 Seacliff",20.4520990312164,"8","2013","Seacliff"
"1112","8 2013 Tenderloin",43.9103863484919,"8","2013","Tenderloin"
"1113","8 2013 Twin Peaks",42.9806405643645,"8","2013","Twin Peaks"
"1114","8 2013 West of Twin Peaks",26.9428143125437,"8","2013","West of Twin Peaks"
"1115","8 2014 Bayview Hunters Point",21.1082988262751,"8","2014","Bayview Hunters Point"
"1116","8 2014 Bernal Heights",49.6102552390863,"8","2014","Bernal Heights"
"1117","8 2014 Castro/Upper Market",46.5072519176014,"8","2014","Castro/Upper Market"
"1118","8 2014 Excelsior/Outer Mission",33.5465412820834,"8","2014","Excelsior/Outer Mission"
"1119","8 2014 Financial District/South Beach/SOMA",49.4864563171988,"8","2014","Financial District/South Beach/SOMA"
"1120","8 2014 Glen Park/Noe Valley",44.0315146530484,"8","2014","Glen Park/Noe Valley"
"1121","8 2014 Haight Ashbury/Hayes Valley",39.1243371746573,"8","2014","Haight Ashbury/Hayes Valley"
"1122","8 2014 Inner Richmond",34.3585313861405,"8","2014","Inner Richmond"
"1123","8 2014 Inner Sunset",27.4884041982154,"8","2014","Inner Sunset"
"1124","8 2014 Lakeshore",51.1436741351571,"8","2014","Lakeshore"
"1125","8 2014 Lone Mountain/USF",36.8979023256235,"8","2014","Lone Mountain/USF"
"1126","8 2014 Marina",45.5318699061972,"8","2014","Marina"
"1127","8 2014 Mission",44.6175481819143,"8","2014","Mission"
"1128","8 2014 Nob Hill",50.7344335439544,"8","2014","Nob Hill"
"1129","8 2014 North Beach",47.5003760557565,"8","2014","North Beach"
"1130","8 2014 Oceanview/Merced/Ingleside",35.7196555856422,"8","2014","Oceanview/Merced/Ingleside"
"1131","8 2014 Pacific Heights",41.7031655530039,"8","2014","Pacific Heights"
"1132","8 2014 Portola",33.2425758247325,"8","2014","Portola"
"1133","8 2014 Potrero Hill",41.4449749894753,"8","2014","Potrero Hill"
"1134","8 2014 Presidio Heights",46.862439051621,"8","2014","Presidio Heights"
"1135","8 2014 Russian Hill",41.9550456340711,"8","2014","Russian Hill"
"1137","8 2014 Seacliff",22.918909221385,"8","2014","Seacliff"
"1138","8 2014 Sunset/Parkside",43.7416225462112,"8","2014","Sunset/Parkside"
"1139","8 2014 Tenderloin",49.7903204909751,"8","2014","Tenderloin"
"1140","8 2014 Visitacion Valley",21.4926444205239,"8","2014","Visitacion Valley"
"1141","8 2014 West of Twin Peaks",28.1338682845679,"8","2014","West of Twin Peaks"
"1142","8 2015 Castro/Upper Market",47.8411673244827,"8","2015","Castro/Upper Market"
"1143","8 2015 Financial District/South Beach/SOMA",52.1025487499797,"8","2015","Financial District/South Beach/SOMA"
"1144","8 2015 Glen Park/Noe Valley",62.9510026711318,"8","2015","Glen Park/Noe Valley"
"1145","8 2015 Haight Ashbury/Hayes Valley",61.8547752373613,"8","2015","Haight Ashbury/Hayes Valley"
"1146","8 2015 Inner Richmond",40.5865640826554,"8","2015","Inner Richmond"
"1147","8 2015 Inner Sunset",23.5696044437209,"8","2015","Inner Sunset"
"1148","8 2015 Marina",52.0593059613511,"8","2015","Marina"
"1149","8 2015 Mission",48.1885853252915,"8","2015","Mission"
"1150","8 2015 Nob Hill",59.5869863900004,"8","2015","Nob Hill"
"1151","8 2015 Oceanview/Merced/Ingleside",35.5826658776261,"8","2015","Oceanview/Merced/Ingleside"
"1152","8 2015 Pacific Heights",63.3854457149311,"8","2015","Pacific Heights"
"1153","8 2015 Potrero Hill",43.3870265005895,"8","2015","Potrero Hill"
"1155","8 2015 Seacliff",31.8568520735458,"8","2015","Seacliff"
"1156","8 2015 Sunset/Parkside",37.3385360602799,"8","2015","Sunset/Parkside"
"1157","8 2015 Tenderloin",64.2280757857389,"8","2015","Tenderloin"
"1158","8 2015 West of Twin Peaks",31.6314114791263,"8","2015","West of Twin Peaks"
"1159","8 2015 Western Addition",44.8510943667026,"8","2015","Western Addition"
"1160","8 2016 Bayview Hunters Point",38.9575782526855,"8","2016","Bayview Hunters Point"
"1161","8 2016 Bernal Heights",57.533127946253,"8","2016","Bernal Heights"
"1162","8 2016 Castro/Upper Market",51.1713338297854,"8","2016","Castro/Upper Market"
"1163","8 2016 Excelsior/Outer Mission",35.4668653915155,"8","2016","Excelsior/Outer Mission"
"1164","8 2016 Financial District/South Beach/SOMA",50.4005903819741,"8","2016","Financial District/South Beach/SOMA"
"1165","8 2016 Glen Park/Noe Valley",46.0904755727316,"8","2016","Glen Park/Noe Valley"
"1166","8 2016 Haight Ashbury/Hayes Valley",58.2959259549205,"8","2016","Haight Ashbury/Hayes Valley"
"1167","8 2016 Inner Richmond",44.4331637146492,"8","2016","Inner Richmond"
"1168","8 2016 Inner Sunset",39.3604470646081,"8","2016","Inner Sunset"
"1169","8 2016 Lone Mountain/USF",40.0590959203594,"8","2016","Lone Mountain/USF"
"1170","8 2016 Marina",48.439591114684,"8","2016","Marina"
"1171","8 2016 Mission",44.4648030763052,"8","2016","Mission"
"1172","8 2016 Nob Hill",54.2020124894229,"8","2016","Nob Hill"
"1173","8 2016 North Beach",47.8524704487608,"8","2016","North Beach"
"1174","8 2016 Pacific Heights",49.3939710209455,"8","2016","Pacific Heights"
"1175","8 2016 Portola",25.6054785330747,"8","2016","Portola"
"1176","8 2016 Potrero Hill",48.3857868331326,"8","2016","Potrero Hill"
"1177","8 2016 Presidio Heights",41.4837738707491,"8","2016","Presidio Heights"
"1178","8 2016 Russian Hill",56.4941026807044,"8","2016","Russian Hill"
"1180","8 2016 Seacliff",36.3556507681056,"8","2016","Seacliff"
"1181","8 2016 Sunset/Parkside",35.9801131239954,"8","2016","Sunset/Parkside"
"1182","8 2016 Tenderloin",52.3206882142372,"8","2016","Tenderloin"
"1183","8 2016 Twin Peaks",41.2708572886962,"8","2016","Twin Peaks"
"1184","8 2016 West of Twin Peaks",34.172597890199,"8","2016","West of Twin Peaks"
"1185","8 2016 Western Addition",16.8718850282267,"8","2016","Western Addition"
"1186","8 2017 Bayview Hunters Point",45.2276916367537,"8","2017","Bayview Hunters Point"
"1187","8 2017 Bernal Heights",43.0570505920345,"8","2017","Bernal Heights"
"1188","8 2017 Castro/Upper Market",61.6274579084463,"8","2017","Castro/Upper Market"
"1189","8 2017 Financial District/South Beach/SOMA",43.3633372024951,"8","2017","Financial District/South Beach/SOMA"
"1190","8 2017 Inner Sunset",57.4094007893792,"8","2017","Inner Sunset"
"1191","8 2017 Lakeshore",39.6356086182843,"8","2017","Lakeshore"
"1192","8 2017 Lone Mountain/USF",29.4633246194065,"8","2017","Lone Mountain/USF"
"1193","8 2017 Mission",62.0116473049735,"8","2017","Mission"
"1194","8 2017 Nob Hill",54.7335388881793,"8","2017","Nob Hill"
"1195","8 2017 North Beach",62.5672766415501,"8","2017","North Beach"
"1196","8 2017 Pacific Heights",47.1081224310243,"8","2017","Pacific Heights"
"1197","8 2017 Russian Hill",52.6826080270644,"8","2017","Russian Hill"
"1198","8 2017 Seacliff",29.5344456404736,"8","2017","Seacliff"
"1199","8 2017 Sunset/Parkside",44.9595136355093,"8","2017","Sunset/Parkside"
"1200","8 2017 Tenderloin",53.8649456853942,"8","2017","Tenderloin"
"1201","8 2017 West of Twin Peaks",64.6349903990035,"8","2017","West of Twin Peaks"
"1202","9 2011 Bayview Hunters Point",15.2523925777337,"9","2011","Bayview Hunters Point"
"1203","9 2011 Bernal Heights",21.1787935482769,"9","2011","Bernal Heights"
"1204","9 2011 Excelsior/Outer Mission",23.2819273023271,"9","2011","Excelsior/Outer Mission"
"1205","9 2011 Financial District/South Beach/SOMA",43.2893029708657,"9","2011","Financial District/South Beach/SOMA"
"1206","9 2011 Glen Park/Noe Valley",31.2817313864907,"9","2011","Glen Park/Noe Valley"
"1207","9 2011 Haight Ashbury/Hayes Valley",33.1991122805619,"9","2011","Haight Ashbury/Hayes Valley"
"1208","9 2011 Inner Richmond",15.7875852170793,"9","2011","Inner Richmond"
"1209","9 2011 Inner Sunset",33.7372231882458,"9","2011","Inner Sunset"
"1210","9 2011 Lakeshore",24.4153048243468,"9","2011","Lakeshore"
"1211","9 2011 Lone Mountain/USF",27.944116290219,"9","2011","Lone Mountain/USF"
"1212","9 2011 Marina",36.965906212764,"9","2011","Marina"
"1213","9 2011 Mission",37.9915152282657,"9","2011","Mission"
"1214","9 2011 Nob Hill",38.0935294821194,"9","2011","Nob Hill"
"1215","9 2011 North Beach",38.4117586754831,"9","2011","North Beach"
"1216","9 2011 Oceanview/Merced/Ingleside",30.0024506783971,"9","2011","Oceanview/Merced/Ingleside"
"1217","9 2011 Pacific Heights",35.5438863086448,"9","2011","Pacific Heights"
"1218","9 2011 Presidio Heights",25.3311180792811,"9","2011","Presidio Heights"
"1220","9 2011 Seacliff",26.3587124512851,"9","2011","Seacliff"
"1221","9 2011 Sunset/Parkside",22.5362734785781,"9","2011","Sunset/Parkside"
"1222","9 2011 Tenderloin",44.76588516499,"9","2011","Tenderloin"
"1223","9 2011 West of Twin Peaks",23.8055676941922,"9","2011","West of Twin Peaks"
"1224","9 2013 Bayview Hunters Point",30.5743013508569,"9","2013","Bayview Hunters Point"
"1225","9 2013 Castro/Upper Market",35.0511302475781,"9","2013","Castro/Upper Market"
"1226","9 2013 Financial District/South Beach/SOMA",46.1981843391967,"9","2013","Financial District/South Beach/SOMA"
"1227","9 2013 Glen Park/Noe Valley",31.2914611860716,"9","2013","Glen Park/Noe Valley"
"1228","9 2013 Haight Ashbury/Hayes Valley",46.990146559576,"9","2013","Haight Ashbury/Hayes Valley"
"1229","9 2013 Inner Sunset",49.5089223034185,"9","2013","Inner Sunset"
"1230","9 2013 Lone Mountain/USF",37.3609616074632,"9","2013","Lone Mountain/USF"
"1231","9 2013 Marina",42.4220261025611,"9","2013","Marina"
"1232","9 2013 Mission",42.4769814932935,"9","2013","Mission"
"1233","9 2013 Nob Hill",33.2883266860382,"9","2013","Nob Hill"
"1234","9 2013 Pacific Heights",43.6875275968108,"9","2013","Pacific Heights"
"1235","9 2013 Potrero Hill",33.6891574223127,"9","2013","Potrero Hill"
"1236","9 2013 Russian Hill",59.7746485249661,"9","2013","Russian Hill"
"1238","9 2013 Seacliff",27.7663727694501,"9","2013","Seacliff"
"1239","9 2013 Sunset/Parkside",27.2401748643483,"9","2013","Sunset/Parkside"
"1240","9 2013 Twin Peaks",46.7076124713447,"9","2013","Twin Peaks"
"1241","9 2013 Visitacion Valley",16.3046919521307,"9","2013","Visitacion Valley"
"1242","9 2013 West of Twin Peaks",30.2836934675751,"9","2013","West of Twin Peaks"
"1243","9 2014 Bayview Hunters Point",25.7702000384124,"9","2014","Bayview Hunters Point"
"1244","9 2014 Castro/Upper Market",44.0383043181752,"9","2014","Castro/Upper Market"
"1245","9 2014 Excelsior/Outer Mission",25.9932478716117,"9","2014","Excelsior/Outer Mission"
"1246","9 2014 Financial District/South Beach/SOMA",47.0527329424587,"9","2014","Financial District/South Beach/SOMA"
"1247","9 2014 Glen Park/Noe Valley",37.1282166839497,"9","2014","Glen Park/Noe Valley"
"1248","9 2014 Haight Ashbury/Hayes Valley",30.9873506038871,"9","2014","Haight Ashbury/Hayes Valley"
"1249","9 2014 Inner Richmond",44.7033495852593,"9","2014","Inner Richmond"
"1250","9 2014 Lone Mountain/USF",55.624950831688,"9","2014","Lone Mountain/USF"
"1251","9 2014 Marina",39.9745670760622,"9","2014","Marina"
"1252","9 2014 Mission",35.0697486764145,"9","2014","Mission"
"1253","9 2014 Nob Hill",53.9252879447853,"9","2014","Nob Hill"
"1254","9 2014 North Beach",38.6028729445826,"9","2014","North Beach"
"1255","9 2014 Oceanview/Merced/Ingleside",36.3979782610455,"9","2014","Oceanview/Merced/Ingleside"
"1256","9 2014 Pacific Heights",42.9710304043056,"9","2014","Pacific Heights"
"1257","9 2014 Portola",26.5904773790766,"9","2014","Portola"
"1258","9 2014 Potrero Hill",42.7251013574438,"9","2014","Potrero Hill"
"1259","9 2014 Presidio Heights",35.0224813428031,"9","2014","Presidio Heights"
"1260","9 2014 Russian Hill",50.5849756527163,"9","2014","Russian Hill"
"1262","9 2014 Seacliff",25.3498940792112,"9","2014","Seacliff"
"1263","9 2014 Sunset/Parkside",41.3398944077093,"9","2014","Sunset/Parkside"
"1264","9 2014 Tenderloin",42.3842841765339,"9","2014","Tenderloin"
"1265","9 2014 Visitacion Valley",24.1267955903642,"9","2014","Visitacion Valley"
"1266","9 2014 West of Twin Peaks",24.8406061107891,"9","2014","West of Twin Peaks"
"1267","9 2015 Seacliff",23.6651665866912,"9","2015","Seacliff"
"1268","9 2016 Bayview Hunters Point",31.2860731741953,"9","2016","Bayview Hunters Point"
"1269","9 2016 Bernal Heights",45.5333746507051,"9","2016","Bernal Heights"
"1270","9 2016 Castro/Upper Market",65.8398555877719,"9","2016","Castro/Upper Market"
"1271","9 2016 Excelsior/Outer Mission",28.2097917671949,"9","2016","Excelsior/Outer Mission"
"1272","9 2016 Financial District/South Beach/SOMA",57.2030464511261,"9","2016","Financial District/South Beach/SOMA"
"1273","9 2016 Glen Park/Noe Valley",41.2274325721514,"9","2016","Glen Park/Noe Valley"
"1274","9 2016 Haight Ashbury/Hayes Valley",42.0909921369558,"9","2016","Haight Ashbury/Hayes Valley"
"1275","9 2016 Inner Sunset",33.7992493923381,"9","2016","Inner Sunset"
"1276","9 2016 Lone Mountain/USF",44.9525432706272,"9","2016","Lone Mountain/USF"
"1277","9 2016 Marina",51.6361016535084,"9","2016","Marina"
"1278","9 2016 Mission",32.0631843005727,"9","2016","Mission"
"1279","9 2016 Nob Hill",54.6998645228526,"9","2016","Nob Hill"
"1280","9 2016 North Beach",49.9223958656214,"9","2016","North Beach"
"1281","9 2016 Oceanview/Merced/Ingleside",37.4485423850612,"9","2016","Oceanview/Merced/Ingleside"
"1282","9 2016 Outer Richmond",31.1792435321629,"9","2016","Outer Richmond"
"1283","9 2016 Pacific Heights",43.1140414538516,"9","2016","Pacific Heights"
"1284","9 2016 Potrero Hill",51.2109346592381,"9","2016","Potrero Hill"
"1285","9 2016 Presidio Heights",50.2571002767965,"9","2016","Presidio Heights"
"1286","9 2016 Russian Hill",51.3752495560892,"9","2016","Russian Hill"
"1288","9 2016 Seacliff",38.5745208614602,"9","2016","Seacliff"
"1289","9 2016 Sunset/Parkside",35.2555537604407,"9","2016","Sunset/Parkside"
"1290","9 2016 Visitacion Valley",31.1367676054818,"9","2016","Visitacion Valley"
"1291","9 2016 West of Twin Peaks",32.3653732075288,"9","2016","West of Twin Peaks"
"1292","9 2017 Bayview Hunters Point",44.0936092173983,"9","2017","Bayview Hunters Point"
"1293","9 2017 Financial District/South Beach/SOMA",51.9498029889335,"9","2017","Financial District/South Beach/SOMA"
"1294","9 2017 Glen Park/Noe Valley",59.2034445640474,"9","2017","Glen Park/Noe Valley"
"1295","9 2017 Haight Ashbury/Hayes Valley",57.939813731455,"9","2017","Haight Ashbury/Hayes Valley"
"1296","9 2017 Inner Sunset",31.7895936841039,"9","2017","Inner Sunset"
"1297","9 2017 Lone Mountain/USF",48.3853606027987,"9","2017","Lone Mountain/USF"
"1298","9 2017 Marina",51.3096519555077,"9","2017","Marina"
"1299","9 2017 Nob Hill",53.0155157637244,"9","2017","Nob Hill"
"1300","9 2017 North Beach",60.5489773950484,"9","2017","North Beach"
"1301","9 2017 Oceanview/Merced/Ingleside",34.5779137567543,"9","2017","Oceanview/Merced/Ingleside"
"1302","9 2017 Potrero Hill",51.186804073313,"9","2017","Potrero Hill"
"1303","9 2017 Presidio Heights",33.5594098270434,"9","2017","Presidio Heights"
"1304","9 2017 Russian Hill",52.6551847865088,"9","2017","Russian Hill"
"1305","9 2017 Seacliff",28.7047003946897,"9","2017","Seacliff"
"1306","9 2017 Sunset/Parkside",29.3233361790579,"9","2017","Sunset/Parkside"
